{"track":{"f":45,"p":17,"x":0.03337033011759161,"y":1.8170242323093302}}
{"track":{"f":46,"p":17,"x":0.051526215330230836,"y":1.8284734216598384}}
{"track":{"f":47,"p":17,"x":0.22223333214368718,"y":1.8365050661923226}}
{"track":{"f":48,"p":17,"x":0.2210926259713513,"y":1.8542027243238015}}
{"track":{"f":66,"p":17,"x":0.32618231398355557,"y":0.8045734320177673}}
{"track":{"f":67,"p":17,"x":0.3273505706649807,"y":0.8191412644443794}}
{"track":{"f":68,"p":17,"x":0.2914192293897357,"y":0.7922690599598536}}
{"track":{"f":69,"p":17,"x":0.2867747040312123,"y":0.79058769518817}}
{"track":{"f":70,"p":17,"x":0.5769228401017252,"y":0.6727582566969897}}
{"track":{"f":71,"p":17,"x":0.2645327315935908,"y":0.6556841876399917}}
{"track":{"f":72,"p":17,"x":0.27614137414559237,"y":0.6617966466722179}}
{"track":{"f":73,"p":17,"x":0.2737070904610502,"y":0.6663447745437548}}
{"track":{"f":74,"p":17,"x":0.23061704417680448,"y":0.3849305631661462}}
{"track":{"f":75,"p":17,"x":0.23211429580914053,"y":0.38742967556303687}}
{"track":{"f":76,"p":17,"x":0.21881714752093884,"y":0.3542753817005676}}
{"track":{"f":77,"p":17,"x":0.4438196395408505,"y":0.1795225508255126}}
{"track":{"f":78,"p":17,"x":0.43831130021520537,"y":0.18032513301852868}}
{"track":{"f":79,"p":17,"x":0.3716317506657276,"y":0.0780324673172777}}
{"track":{"f":80,"p":17,"x":0.3836563284137033,"y":0.0757216437658625}}
{"track":{"f":81,"p":17,"x":0.4909706582717745,"y":0.019267743856595798}}
{"track":{"f":82,"p":17,"x":0.579121058571455,"y":-0.03568723992297273}}
{"track":{"f":83,"p":17,"x":0.569718896079678,"y":-0.03510784944204893}}
{"track":{"f":84,"p":17,"x":0.3647920511916842,"y":-0.42538462918623515}}
{"track":{"f":85,"p":17,"x":0.3653179498895794,"y":-0.4242641682446438}}
{"track":{"f":86,"p":17,"x":0.37424378176596246,"y":-0.40153465603187083}}
{"track":{"f":87,"p":17,"x":0.3882423926969738,"y":-0.5079355543164557}}
{"track":{"f":88,"p":17,"x":0.36350138971780693,"y":-0.5046617000818007}}
{"track":{"f":89,"p":17,"x":0.35703508001859446,"y":-0.5183045485294087}}
{"track":{"f":90,"p":17,"x":0.388155879142947,"y":-0.7888744796855411}}
{"track":{"f":91,"p":17,"x":0.3925532659532157,"y":-0.8062666690542293}}
{"track":{"f":92,"p":17,"x":0.39812117716804857,"y":-0.8177026234026716}}
{"track":{"f":93,"p":17,"x":0.42124561601806304,"y":-0.8631495786846832}}
{"track":{"f":94,"p":17,"x":0.43011166976160614,"y":-0.8813164871635755}}
{"track":{"f":95,"p":17,"x":0.5376692061939622,"y":-0.9800659343190569}}
{"track":{"f":96,"p":17,"x":0.5397732499686425,"y":-0.9839011951153325}}
{"track":{"f":97,"p":17,"x":0.5693811678965628,"y":-1.053995263864408}}
{"track":{"f":98,"p":17,"x":0.562819581983498,"y":-1.0510322737172115}}
{"track":{"f":99,"p":17,"x":0.44492240301266145,"y":-1.191218861598327}}
{"track":{"f":100,"p":17,"x":0.440879425263181,"y":-1.183903829780109}}
{"track":{"f":101,"p":17,"x":0.4183970057812076,"y":-1.2287648079039746}}
{"track":{"f":102,"p":17,"x":0.4037466411082141,"y":-1.2313368722763023}}
{"track":{"f":103,"p":17,"x":0.4246440393331015,"y":-1.3676002416673534}}
{"track":{"f":104,"p":17,"x":0.42135522045355445,"y":-1.3530034005093672}}
{"track":{"f":105,"p":17,"x":0.47012672232104963,"y":-1.4731226430623867}}
{"track":{"f":106,"p":17,"x":0.4673098531335285,"y":-1.4588118448943672}}
{"track":{"f":107,"p":17,"x":0.4537628802505241,"y":-1.4564828966938892}}
{"track":{"f":108,"p":17,"x":0.5222361936419919,"y":-1.6920177269284054}}
{"track":{"f":109,"p":17,"x":0.4950178294670657,"y":-1.7862110509380391}}
{"track":{"f":110,"p":17,"x":0.4971102901118272,"y":-1.7937614382268148}}
{"track":{"f":111,"p":17,"x":0.5885136175169018,"y":-2.1203390678343697}}
{"track":{"f":112,"p":17,"x":0.5848746987668153,"y":-2.105460515832779}}
{"track":{"f":113,"p":17,"x":0.5675078341609284,"y":-2.1404570693352927}}
{"track":{"f":114,"p":17,"x":0.5553580172759288,"y":-2.0962853331675135}}
{"track":{"f":115,"p":17,"x":0.4826723432538852,"y":-2.368633737170874}}
{"track":{"f":116,"p":17,"x":0.49504081538115563,"y":-2.4210966715389755}}
{"track":{"f":117,"p":17,"x":0.4794464232564478,"y":-2.5500134589044525}}
{"track":{"f":118,"p":17,"x":0.4828020270327422,"y":-2.5769344941093895}}
{"track":{"f":119,"p":17,"x":0.6391161610029175,"y":-2.9547779106813366}}
{"track":{"f":120,"p":17,"x":0.6567293662406968,"y":-3.0362077241462635}}
{"track":{"f":121,"p":17,"x":0.6692697515217096,"y":-3.097804869154661}}
{"track":{"f":122,"p":17,"x":0.6758417351464772,"y":-3.126396343095613}}
{"track":{"f":123,"p":17,"x":0.6894725243525015,"y":-3.2122348121756286}}
{"track":{"f":124,"p":17,"x":0.6959517864095537,"y":-3.2119910372447324}}
{"track":{"f":125,"p":17,"x":0.7280327226170049,"y":-3.399412051373053}}
{"track":{"f":126,"p":17,"x":0.7288813355456322,"y":-3.411869652581388}}
{"track":{"f":127,"p":17,"x":0.7059381181725765,"y":-3.432230249160285}}
{"track":{"f":128,"p":17,"x":0.6969534349401457,"y":-3.388547239593811}}
{"track":{"f":129,"p":17,"x":0.6899497433310846,"y":-3.3562616853641996}}
{"track":{"f":130,"p":17,"x":0.738646161932013,"y":-3.5996914148338477}}
{"track":{"f":131,"p":17,"x":0.8356462543792255,"y":-3.751873834295413}}
{"track":{"f":132,"p":17,"x":0.8532040940580135,"y":-3.830704797675408}}
{"track":{"f":133,"p":17,"x":0.8650703314185765,"y":-3.8820046567886606}}
{"track":{"f":134,"p":17,"x":0.805815260845245,"y":-4.451245002970315}}
{"track":{"f":135,"p":17,"x":0.816526602926731,"y":-4.51041341319043}}
{"track":{"f":136,"p":17,"x":0.8429881936133639,"y":-4.6279301394779955}}
{"track":{"f":137,"p":17,"x":0.8296074688874961,"y":-4.618939051904006}}
{"track":{"f":138,"p":17,"x":0.8332827994207742,"y":-4.6148856107635945}}
{"track":{"f":139,"p":17,"x":0.9215775987960012,"y":-5.074963389182302}}
{"track":{"f":140,"p":17,"x":0.9180574847216445,"y":-5.0097331196798995}}
{"track":{"f":141,"p":17,"x":0.90286853757029,"y":-4.95298420610426}}
{"track":{"f":142,"p":17,"x":0.8944952047893613,"y":-4.907049517619045}}
{"track":{"f":143,"p":17,"x":0.9211060514875165,"y":-5.268703176695579}}
{"track":{"f":144,"p":17,"x":0.90684593045468,"y":-5.187135647240707}}
{"track":{"f":145,"p":17,"x":0.8873506530140447,"y":-5.0433639583049565}}
{"track":{"f":146,"p":17,"x":0.871533437073022,"y":-4.915851230942057}}
{"track":{"f":147,"p":17,"x":0.8450256188410612,"y":-4.802804545679298}}
{"track":{"f":148,"p":17,"x":0.8347470902481953,"y":-4.721907460220702}}
{"track":{"f":149,"p":17,"x":0.7755789171011535,"y":-4.85050407049794}}
{"track":{"f":150,"p":17,"x":0.7668994253024952,"y":-4.842776964308061}}
{"track":{"f":151,"p":17,"x":0.7706839831405384,"y":-4.958713654833498}}
{"track":{"f":152,"p":17,"x":0.7826123968158186,"y":-5.020822058741068}}
{"track":{"f":153,"p":17,"x":0.8762613428563336,"y":-5.65066742321084}}
{"track":{"f":154,"p":17,"x":0.8952064303214119,"y":-5.772836898609404}}
{"track":{"f":155,"p":17,"x":0.9462097901022736,"y":-5.945893346483546}}
{"track":{"f":156,"p":17,"x":0.9562038540107931,"y":-6.008695104317372}}
{"track":{"f":157,"p":17,"x":0.9739369749425263,"y":-6.526955976625752}}
{"track":{"f":158,"p":17,"x":1.0083231799175907,"y":-6.72183930865579}}
{"track":{"f":159,"p":17,"x":1.0460801320457087,"y":-7.0325311177005725}}
{"track":{"f":160,"p":17,"x":1.068781642925949,"y":-7.185147611211348}}
{"track":{"f":161,"p":17,"x":1.0848764188958797,"y":-7.293348703435144}}
{"track":{"f":162,"p":17,"x":1.0967697375743948,"y":-7.373304465080117}}
{"track":{"f":163,"p":17,"x":1.1959379609517375,"y":-7.861981173411413}}
{"track":{"f":164,"p":17,"x":1.1989527416037613,"y":-7.881800051565689}}
{"track":{"f":165,"p":17,"x":1.2004777681127747,"y":-7.889796095427707}}
{"track":{"f":166,"p":17,"x":1.1977109373191148,"y":-7.871611892960681}}
{"track":{"f":167,"p":17,"x":1.2038874437975242,"y":-7.853080965893753}}
{"track":{"f":168,"p":17,"x":1.1896456032403142,"y":-7.762143094409576}}
{"track":{"f":169,"p":17,"x":1.3869503890758066,