{"track":{"f":0,"p":18,"x":-0.22688498811980623,"y":5.366351543718749}}
{"track":{"f":1,"p":18,"x":-0.2235020702742781,"y":5.410722177728185}}
{"track":{"f":2,"p":18,"x":-0.16665006941073013,"y":5.342334473634313}}
{"track":{"f":3,"p":18,"x":-0.1655249344561018,"y":5.306265798254483}}
{"track":{"f":4,"p":18,"x":-0.017608708579695452,"y":5.5432710628841235}}
{"track":{"f":5,"p":18,"x":0.006049697974311236,"y":5.426579082957177}}
{"track":{"f":6,"p":18,"x":0.001554442944475958,"y":5.344952064580604}}
{"track":{"f":7,"p":18,"x":-0.10434564445674548,"y":5.383813655404605}}
{"track":{"f":8,"p":18,"x":-0.10528025166805266,"y":5.432035611317299}}
{"track":{"f":9,"p":18,"x":-0.3093588199656066,"y":5.366453195610611}}
{"track":{"f":10,"p":18,"x":-0.33222534763825506,"y":5.278155736517588}}
{"track":{"f":11,"p":18,"x":-0.2763678232128236,"y":5.242161167574937}}
{"track":{"f":12,"p":18,"x":-0.27322449267475274,"y":5.182538288572702}}
{"track":{"f":13,"p":18,"x":-0.17624885415163385,"y":5.416497996001724}}
{"track":{"f":14,"p":18,"x":-0.176504196886574,"y":5.4243452153141805}}
{"track":{"f":15,"p":18,"x":-0.18353563059371844,"y":5.419812298126099}}
{"track":{"f":16,"p":18,"x":-0.17640117108960277,"y":5.42117901587693}}
{"track":{"f":17,"p":18,"x":-0.18339346124085099,"y":5.415614033164711}}
{"track":{"f":18,"p":18,"x":0.0875571238357536,"y":5.32237337789994}}
{"track":{"f":19,"p":18,"x":0.2286612784811785,"y":5.269248192902864}}
{"track":{"f":20,"p":18,"x":0.24809789397319978,"y":5.259934462303869}}
{"track":{"f":21,"p":18,"x":0.24860212017267372,"y":5.270624584339714}}
{"track":{"f":22,"p":18,"x":0.2542195092464739,"y":5.278885307624813}}
{"track":{"f":23,"p":18,"x":0.23663900628718046,"y":5.2492841967997625}}
{"track":{"f":24,"p":18,"x":0.23359704890599958,"y":5.364018318135614}}
{"track":{"f":25,"p":18,"x":0.2772220476757606,"y":5.421758335839631}}
{"track":{"f":26,"p":18,"x":0.11080575240198279,"y":5.08813520919874}}
{"track":{"f":27,"p":18,"x":0.11122807582267427,"y":5.114046914748012}}
{"track":{"f":28,"p":18,"x":0.29473520732263353,"y":5.526798017590543}}
{"track":{"f":29,"p":18,"x":0.25937455278012445,"y":5.584760940240401}}
{"track":{"f":30,"p":18,"x":0.2614307298967279,"y":5.629033817143471}}
{"track":{"f":31,"p":18,"x":0.26302310034489557,"y":5.663320173248954}}
{"track":{"f":32,"p":18,"x":0.2641328920997294,"y":5.687215815970123}}
{"track":{"f":33,"p":18,"x":0.20992490711836595,"y":5.615825540746095}}
{"track":{"f":34,"p":18,"x":0.2133934729998476,"y":5.566786252169937}}
{"track":{"f":40,"p":18,"x":-0.011856354114310344,"y":5.4550344257809975}}
{"track":{"f":41,"p":18,"x":-0.02928469936344111,"y":5.415090855248628}}
{"track":{"f":42,"p":18,"x":-0.0016806688698108429,"y":5.108813197007475}}
{"track":{"f":43,"p":18,"x":-0.01163054445724601,"y":5.149919984123719}}
{"track":{"f":44,"p":18,"x":0.14821344260987684,"y":4.927110755658379}}
{"track":{"f":45,"p":18,"x":0.14961130636158368,"y":4.973580424027854}}
{"track":{"f":46,"p":18,"x":0.12684039594228602,"y":5.007426198760861}}
{"track":{"f":47,"p":18,"x":0.2646701726276656,"y":5.0339613327182935}}
{"track":{"f":48,"p":18,"x":0.2666845740201169,"y":5.102741315804272}}
{"track":{"f":49,"p":18,"x":0.32567799975875394,"y":5.157157046071373}}
{"track":{"f":50,"p":18,"x":0.3293079693393322,"y":5.214638126197667}}
{"track":{"f":51,"p":18,"x":0.33065866480402917,"y":5.306334432953832}}
{"track":{"f":52,"p":18,"x":0.3363964953728568,"y":5.3984138222414835}}
{"track":{"f":53,"p":18,"x":0.058308655236796667,"y":5.714438143679162}}
{"track":{"f":54,"p":18,"x":0.2456965292956631,"y":5.467278821200181}}
{"track":{"f":55,"p":18,"x":0.226421642278406,"y":5.290773338994695}}
{"track":{"f":56,"p":18,"x":0.18829046606521269,"y":5.207467637237903}}
{"track":{"f":64,"p":18,"x":0.06960172401794201,"y":4.442133739951981}}
{"track":{"f":65,"p":18,"x":0.128045253425173,"y":4.435835900984894}}
{"track":{"f":66,"p":18,"x":0.1264285132232719,"y":4.447996145667386}}
{"track":{"f":67,"p":18,"x":0.1284862322922213,"y":4.4511126085371355}}
{"track":{"f":68,"p":18,"x":0.24248617534692316,"y":4.424723793414927}}
{"track":{"f":69,"p":18,"x":0.2533482599277929,"y":4.451632727842582}}
{"track":{"f":70,"p":18,"x":0.18677220386689627,"y":4.477336974352073}}
{"track":{"f":71,"p":18,"x":0.5036818590376156,"y":4.377131112139134}}
{"track":{"f":72,"p":18,"x":0.5043299094928687,"y":4.407606677947108}}
{"track":{"f":73,"p":18,"x":0.22595188939361208,"y":4.371832275107406}}
{"track":{"f":74,"p":18,"x":0.22686943522283157,"y":4.387617987870503}}
{"track":{"f":75,"p":18,"x":0.33293048026759675,"y":4.008952032503537}}
{"track":{"f":76,"p":18,"x":0.3362249132055529,"y":4.027337537235099}}
{"track":{"f":77,"p":18,"x":0.3361814673977207,"y":4.048098497712961}}
{"track":{"f":78,"p":18,"x":0.3135535970974831,"y":4.062830636011871}}
{"track":{"f":79,"p":18,"x":0.3039193645857992,"y":4.092354222927942}}
{"track":{"f":80,"p":18,"x":0.3422106820363198,"y":3.9789821066053292}}
{"track":{"f":81,"p":18,"x":0.34088879862024624,"y":4.002406512530698}}
{"track":{"f":82,"p":18,"x":0.213933808777596,"y":3.943775981887373}}
{"track":{"f":83,"p":18,"x":0.21458635097396653,"y":3.9558053112202125}}
{"track":{"f":84,"p":18,"x":0.21263824180636984,"y":3.9601484109458456}}
{"track":{"f":85,"p":18,"x":0.34448488879268113,"y":3.456325233742038}}
{"track":{"f":86,"p":18,"x":0.30618555410627746,"y":3.5231298667078934}}
{"track":{"f":87,"p":18,"x":0.3093837891625138,"y":3.559930418844543}}
{"track":{"f":88,"p":18,"x":0.18062290111588294,"y":3.2900729101174138}}
{"track":{"f":89,"p":18,"x":0.15819211802681715,"y":3.233292558694455}}
{"track":{"f":90,"p":18,"x":0.04247481127758054,"y":3.2275839860967848}}
{"track":{"f":91,"p":18,"x":0.07809613556287735,"y":3.250216173520847}}
{"track":{"f":92,"p":18,"x":0.24489393567751944,"y":3.032209894440175}}
{"track":{"f":93,"p":18,"x":0.22020717258753253,"y":3.089199548695184}}
{"track":{"f":94,"p":18,"x":0.231029830167694,"y":3.1217426965998345}}
{"track":{"f":95,"p":18,"x":0.38654424132324433,"y":2.756670773647348}}
{"track":{"f":96,"p":18,"x":0.3811065085581724,"y":2.7178911531385452}}
{"track":{"f":97,"p":18,"x":0.3728416441675902,"y":2.6019587082333953}}
{"track":{"f":98,"p":18,"x":0.3746749085193769,"y":2.587228841986434}}
{"track":{"f":99,"p":18,"x":0.23927492740568507,"y":2.393127275521946}}
{"track":{"f":100,"p":18,"x":0.2381998951876637,"y":2.4005944827277172}}
{"track":{"f":101,"p":18,"x":0.2976876979547805,"y":2.329461729231898}}
{"track":{"f":102,"p":18,"x":0.2994833887366822,"y":2.3435133443396543}}
{"track":{"f":103,"p":18,"x":0.418103291531201,"y":2.0464557141858615}}
{"track":{"f":104,"p":18,"x":0.40928506825182964,"y":2.020787019239972}}
{"track":{"f":105,"p":18,"x":0.5019011461263373,"y":1.9735273615392739}}
{"track":{"f":106,"p":18,"x":0.5102121979230804,"y":2.004025136669807}}
{"track":{"f":111,"p":18,"x":1.0179952656595261,"y":1.2312240037368591}}
{"track":{"f":112,"p":18,"x":0.4286723369899378,"y":1.3197749575077704}}
{"track":{"f":113,"p":18,"x":0.43434765608880155,"y":1.337247846183397}}
{"track":{"f":114,"p":18,"x":0.42139498786216184,"y":0.9134549084951246}}
{"track":{"f":115,"p":18,"x":0.4228748754043016,"y":0.9135006717067115}}
{"track":{"f":116,"p":18,"x":0.5113369063993162,"y":0.8146693892564845}}
{"track":{"f":117,"p":18,"x":0.4754101704091144,"y":0.8054048915759875}}
{"track":{"f":118,"p":18,"x":0.5874722217688757,"y":0.5295635675358004}}
{"track":{"f":119,"p":18,"x":0.5786357098222867,"y":0.5256674556271855}}
{"track":{"f":120,"p":18,"x":0.533654014292078,"y":0.4601475674724427}}
{"track":{"f":121,"p":18,"x":0.5519705654768617,"y":0.2730095295178054}}
{"track":{"f":122,"p":18,"x":0.5295865637493132,"y":0.26651912263175415}}
{"track":{"f":123,"p":18,"x":0.5545122783009685,"y":0.17855270388885047}}
{"track":{"f":124,"p":18,"x":0.5602892267348344,"y":0.17848375901777974}}
{"track":{"f":125,"p":18,