{"track":{"f":69,"p":25,"x":-0.1195704390259433,"y":1.3451674390418618}}
{"track":{"f":70,"p":25,"x":-0.11966005897375115,"y":1.3461756634547006}}
{"track":{"f":71,"p":25,"x":-0.11966334381013694,"y":1.3462126178640403}}
{"track":{"f":72,"p":25,"x":-0.11972905231287378,"y":1.3469518385198298}}
{"track":{"f":73,"p":25,"x":-0.0834237643887444,"y":1.3417322105856386}}
{"track":{"f":74,"p":25,"x":-0.08334263735883998,"y":1.3404274175213429}}
{"track":{"f":75,"p":25,"x":-0.08327587482340695,"y":1.3393536534097956}}
{"track":{"f":76,"p":25,"x":-0.0831327847106742,"y":1.3370522874300097}}
{"track":{"f":77,"p":25,"x":-0.10654730113670924,"y":1.3338963308480019}}
{"track":{"f":78,"p":25,"x":-0.06826404098465957,"y":1.3198803331053068}}
{"track":{"f":79,"p":25,"x":-0.06769948079528015,"y":1.3089646023623303}}
{"track":{"f":80,"p":25,"x":-0.06735831357642785,"y":1.3023681586715072}}
{"track":{"f":81,"p":25,"x":-0.10035007903970695,"y":1.2977996460517454}}
{"track":{"f":82,"p":25,"x":-0.09997335253708574,"y":1.2929275470316068}}
{"track":{"f":83,"p":25,"x":-0.14207617801321037,"y":1.3679235321106618}}
{"track":{"f":84,"p":25,"x":-0.14355101797040293,"y":1.3821234374836318}}
{"track":{"f":85,"p":25,"x":-0.14485928187471897,"y":1.3848815605152531}}
{"track":{"f":86,"p":25,"x":-0.1441231374413983,"y":1.3887742993192493}}
{"track":{"f":87,"p":25,"x":-0.1375437088769362,"y":1.3917466194662322}}
{"track":{"f":88,"p":25,"x":-0.18608837343092205,"y":1.399310190065112}}
{"track":{"f":89,"p":25,"x":-0.18716073225221863,"y":1.4073738997874365}}
{"track":{"f":90,"p":25,"x":-0.18817760011615658,"y":1.415020339689746}}
{"track":{"f":91,"p":25,"x":-0.18873107942689046,"y":1.4191822828849108}}
{"track":{"f":92,"p":25,"x":-0.21059057697724623,"y":1.4234078414666422}}
{"track":{"f":93,"p":25,"x":-0.18439453826207655,"y":1.409590469464776}}
{"track":{"f":94,"p":25,"x":0.681089958887611,"y":-3.0181361759048144}}
{"track":{"f":95,"p":25,"x":0.7130286535357861,"y":-3.159667156461734}}
{"track":{"f":96,"p":25,"x":0.6704182028827651,"y":-3.0308638968828325}}
{"track":{"f":97,"p":25,"x":0.6923203367257091,"y":-3.1033277447927596}}
{"track":{"f":98,"p":25,"x":0.6979611189260194,"y":-3.155381443529716}}
{"track":{"f":99,"p":25,"x":0.7116652142191292,"y":-3.19004120944248}}
{"track":{"f":100,"p":25,"x":0.7115015113794442,"y":-3.2165956027817226}}
{"track":{"f":101,"p":25,"x":0.4451991811333516,"y":-4.135363083372296}}
{"track":{"f":102,"p":25,"x":0.45009114701588737,"y":-4.180803542324298}}
{"track":{"f":103,"p":25,"x":0.45179530292125314,"y":-4.201826143404126}}
{"track":{"f":104,"p":25,"x":0.452650825393331,"y":-4.223650837521299}}
{"track":{"f":105,"p":25,"x":0.45247461359861124,"y":-4.222006618506116}}
{"track":{"f":106,"p":25,"x":0.47374584355867183,"y":-0.9112467361232632}}
{"track":{"f":107,"p":25,"x":0.47516785176504484,"y":-0.9139819587208148}}
{"track":{"f":108,"p":25,"x":0.4772069372352898,"y":-0.9179041250146216}}
{"track":{"f":109,"p":25,"x":0.47770627042675196,"y":-0.9188645888311274}}
{"track":{"f":110,"p":25,"x":0.4782437597607737,"y":-0.917829805499252}}
{"track":{"f":111,"p":25,"x":0.3715693708290096,"y":-0.6945006566028955}}
{"track":{"f":112,"p":25,"x":0.3689282552842742,"y":-0.693385768331303}}
{"track":{"f":113,"p":25,"x":0.3673367779982291,"y":-0.6903946509935542}}
{"track":{"f":114,"p":25,"x":0.3629229309216132,"y":-0.6859003215537002}}
{"track":{"f":115,"p":25,"x":0.3636655371154678,"y":-0.683494701901118}}
{"track":{"f":116,"p":25,"x":0.5362476989295297,"y":1.6463962916979926}}
{"track":{"f":117,"p":25,"x":0.5397549142931494,"y":1.6505005596788203}}
{"track":{"f":118,"p":25,"x":0.5421413478250586,"y":1.6577979640669043}}
{"track":{"f":119,"p":25,"x":0.544041288996971,"y":1.6636077378819407}}
{"track":{"f":120,"p":25,"x":0.546741992730847,"y":1.6672549752717043}}
{"track":{"f":121,"p":25,"x":0.4793740690449287,"y":1.8314471420468044}}
{"track":{"f":122,"p":25,"x":0.4837383339240728,"y":1.8389829987434931}}
{"track":{"f":123,"p":25,"x":0.5158738875598523,"y":1.8286186884670432}}
{"track":{"f":124,"p":25,"x":0.5066751761664399,"y":1.8252980949815403}}
{"track":{"f":125,"p":25,"x":0.5053610911932042,"y":1.8205641018610585}}
{"track":{"f":126,"p":25,"x":0.08188047190463155,"y":3.768392375703216}}
{"track":{"f":127,"p":25,"x":0.08187300156559339,"y":3.7680485676129476}}
{"track":{"f":128,"p":25,"x":0.08199942789237823,"y":3.7738670979030378}}
{"track":{"f":129,"p":25,"x":0.08189175452794839,"y":3.7596024498825633}}
{"track":{"f":130,"p":25,"x":0.08366354087804248,"y":3.734804043307016}}
{"track":{"f":131,"p":25,"x":-0.0587057570284861,"y":3.653851791183236}}
{"track":{"f":132,"p":25,"x":-0.058445769600064444,"y":3.6376701493970156}}
{"track":{"f":133,"p":25,"x":-0.05788201040428965,"y":3.631113378687838}}
{"track":{"f":134,"p":25,"x":-0.05832521254723527,"y":3.6301666671881794}}
{"track":{"f":135,"p":25,"x":0.2983888561446909,"y":4.72364224326144}}
{"track":{"f":136,"p":25,"x":0.29688208552312606,"y":4.699789323782846}}
{"track":{"f":137,"p":25,"x":0.28905583741374874,"y":4.680873042145684}}
{"track":{"f":138,"p":25,"x":0.3510958485653719,"y":4.742555701920147}}
{"track":{"f":139,"p":25,"x":0.294655978402289,"y":4.664548953985286}}
{"track":{"f":140,"p":25,"x":0.2942450958666983,"y":4.6580444815086235}}
{"track":{"f":141,"p":25,"x":0.19584289888900305,"y":4.698166621451702}}
{"track":{"f":142,"p":25,"x":0.19346967875885032,"y":4.64123433713559}}
{"track":{"f":143,"p":25,"x":0.19898892524296258,"y":4.599257158999467}}
{"track":{"f":144,"p":25,"x":0.19001086505717682,"y":4.5302087194509095}}
{"track":{"f":145,"p":25,"x":0.19020549921047017,"y":4.5303611128464825}}
{"track":{"f":146,"p":25,"x":0.18873938967137352,"y":4.49544095716924}}
{"track":{"f":147,"p":25,"x":0.1223454838379138,"y":5.43002894036411}}
{"track":{"f":148,"p":25,"x":0.1169161899210571,"y":5.3444001931166625}}
{"track":{"f":149,"p":25,"x":0.11540607203478456,"y":5.273662485082601}}
{"track":{"f":150,"p":25,"x":0.11236717945474924,"y":5.213626108522977}}
{"track":{"f":151,"p":25,"x":0.17222495033845375,"y":5.085074822364243}}
{"track":{"f":152,"p":25,"x":0.17184681028379523,"y":5.073909944874116}}
{"track":{"f":153,"p":25,"x":0.17320251018586658,"y":5.063522364107221}}
{"track":{"f":154,"p":25,"x":0.17113970644231757,"y":5.054796484095256}}
{"track":{"f":155,"p":25,"x":0.17262018632341308,"y":5.046498304250801}}
{"track":{"f":156,"p":25,"x":0.17079693359208603,"y":5.0446723169208925}}
{"track":{"f":157,"p":25,"x":-0.024203931667591803,"y":4.196692818586325}}
{"track":{"f":158,"p":25,"x":-0.02462406620369864,"y":4.26953947898576}}
{"track":{"f":159,"p":25,"x":-0.02658147411875852,"y":4.313960597681574}}
{"track":{"f":160,"p":25,"x":-0.02512474795847964,"y":4.356352132134175}}
{"track":{"f":161,"p":25,"x":-0.02512006362034137,"y":4.355539919949183}}
{"track":{"f":162,"p":25,"x":-0.02347528970754911,"y":4.369096005983449}}
{"track":{"f":163,"p":25,"x":-0.023520967026070937,"y":4.3775972254530995}}
{"track":{"f":164,"p":25,"x":-0.02842929343475182,"y":4.442324071806319}}
{"track":{"f":165,"p":25,"x":-0.02856596031057943,"y":4.463679458414907}}
{"track":{"f":166,"p":25,"x":-0.030458010977204377,"y":4.482422408212488}}
{"track":{"f":167,"p":25,"x":-0.02877236968653506,"y":4.495932716539622}}
{"track":{"f":168,"p":25,"x":-0.03069648912716338,"y":4.517518587146993}}
{"track":{"f":169,"p":25,"x":-0.03078591922692723,"y":4.530679771029014}}
{"track":{"f":170,"p":25,"x":-0.03086612816932183,"y":4.542483902329556}}
{"track":{"f":171,"p":25,"x":-0.03093347831155344,"y":4.552395639079564}}
{"track":{"f":172,"p":25,"x":-0.03097803679768763,"y":4.558953189960787}}
{"track":{"f":173,"p":25,"x":0.05455771187899615,"y":5.0805099600852035}}
{"track":{"f":174,"p":25,"x":0.05431833053903799,"y":5.0582183492380794}}
{"track":{"f":175,"p":25,"x":0.0540573872779826,"y":5.032192470799505}}
{"track":{"f":176,"p":25,