{"track":{"f":83,"p":9,"x":0.26032012369702595,"y":3.127770844722002}}
{"track":{"f":84,"p":9,"x":0.2627985799825579,"y":3.1260921992445745}}
{"track":{"f":85,"p":9,"x":0.6980021413928225,"y":2.1519537717657955}}
{"track":{"f":86,"p":9,"x":0.6952249110881491,"y":2.11394185197676}}
{"track":{"f":87,"p":9,"x":0.6968937432099482,"y":2.10719875299627}}
{"track":{"f":88,"p":9,"x":0.6570615323804115,"y":2.29830536004307}}
{"track":{"f":89,"p":9,"x":0.6563455970259232,"y":2.295801122644324}}
{"track":{"f":90,"p":9,"x":0.7191924317218917,"y":2.100664457384066}}
{"track":{"f":91,"p":9,"x":0.718291223229227,"y":2.0226438587053113}}
{"track":{"f":92,"p":9,"x":0.42350452159262714,"y":2.1960888851582103}}
{"track":{"f":93,"p":9,"x":0.41328754982140153,"y":2.0288927154187437}}
{"track":{"f":94,"p":9,"x":0.2779711006602874,"y":2.0060175035091694}}
{"track":{"f":95,"p":9,"x":0.20477475832548062,"y":2.1213607535763788}}
{"track":{"f":96,"p":9,"x":0.1847713813715674,"y":2.1338114364845526}}
{"track":{"f":97,"p":9,"x":0.3800266872422909,"y":2.1492447095663625}}
{"track":{"f":98,"p":9,"x":0.29875231848956935,"y":2.113981952217774}}
{"track":{"f":99,"p":9,"x":0.3004091154571621,"y":2.1257055060488796}}
{"track":{"f":100,"p":9,"x":0.447151248032392,"y":2.2607847561336976}}
{"track":{"f":101,"p":9,"x":0.44826895330479183,"y":2.26843314381918}}
{"track":{"f":102,"p":9,"x":0.5038302527495198,"y":2.329578439961047}}
{"track":{"f":103,"p":9,"x":0.5067866159623715,"y":2.3269504810424153}}
{"track":{"f":104,"p":9,"x":0.4550211415528468,"y":2.2695999397164046}}
{"track":{"f":105,"p":9,"x":0.4389980684830891,"y":2.2440880208430047}}
{"track":{"f":106,"p":9,"x":-0.10716091583896398,"y":2.427319349468626}}
{"track":{"f":107,"p":9,"x":0.5299067928727481,"y":2.322397627947401}}
{"track":{"f":108,"p":9,"x":0.523636700094678,"y":2.2949179866394305}}
{"track":{"f":109,"p":9,"x":0.5194389728162454,"y":2.276520804332421}}
{"track":{"f":110,"p":9,"x":0.5501419132160794,"y":2.2563525566727534}}
{"track":{"f":111,"p":9,"x":0.5488839595325787,"y":2.2592313656815177}}
{"track":{"f":112,"p":9,"x":0.61864578737572,"y":2.1640730890588618}}
{"track":{"f":113,"p":9,"x":0.6146757057522012,"y":2.150185421870067}}
{"track":{"f":114,"p":9,"x":0.47933055328467394,"y":2.363786321794284}}
{"track":{"f":115,"p":9,"x":0.4749720348986395,"y":2.369469146430976}}
{"track":{"f":116,"p":9,"x":0.5115142562875287,"y":2.3874543927451106}}
{"track":{"f":117,"p":9,"x":0.5111160451241045,"y":2.3855957720328416}}
{"track":{"f":118,"p":9,"x":0.5115623953581379,"y":2.387679078243466}}
{"track":{"f":119,"p":9,"x":0.42096134216898795,"y":2.295450588074099}}
{"track":{"f":120,"p":9,"x":0.4177454304368702,"y":2.2925054109340426}}
{"track":{"f":121,"p":9,"x":0.518143332639206,"y":2.438012316224259}}
{"track":{"f":122,"p":9,"x":0.49686925530959075,"y":2.4372485541630313}}
{"track":{"f":123,"p":9,"x":0.4370845090988112,"y":2.547786264156675}}
{"track":{"f":124,"p":9,"x":0.4559203147057014,"y":2.575599743296652}}
{"track":{"f":125,"p":9,"x":0.46002867839032763,"y":2.588870760367747}}
{"track":{"f":126,"p":9,"x":0.49479705384127326,"y":2.520325073493931}}
{"track":{"f":127,"p":9,"x":0.5353633458895092,"y":2.5912138217875853}}
{"track":{"f":128,"p":9,"x":0.5262372176615353,"y":2.5576467919857717}}
{"track":{"f":129,"p":9,"x":0.5471576886075309,"y":2.5808482269041275}}
{"track":{"f":130,"p":9,"x":0.547833649512497,"y":2.5754123819489245}}
{"track":{"f":131,"p":9,"x":0.5284505869555931,"y":2.885846313622681}}
{"track":{"f":132,"p":9,"x":0.5379575453499312,"y":2.937763411480633}}
{"track":{"f":133,"p":9,"x":0.4707154531644454,"y":3.105881427576117}}
{"track":{"f":134,"p":9,"x":0.4801304736714946,"y":3.1561385678003075}}
{"track":{"f":135,"p":9,"x":0.4850919473974446,"y":3.188752824628989}}
{"track":{"f":136,"p":9,"x":0.4876591012004522,"y":3.205628014960463}}
{"track":{"f":137,"p":9,"x":0.642276228770224,"y":3.227321561900017}}
{"track":{"f":138,"p":9,"x":0.6311948615890494,"y":3.171639701608207}}
{"track":{"f":139,"p":9,"x":0.7191119171803575,"y":3.042848566107914}}
{"track":{"f":140,"p":9,"x":0.7147218819464954,"y":3.0582317261520116}}
{"track":{"f":141,"p":9,"x":0.7232153136725427,"y":3.346867470120013}}
{"track":{"f":142,"p":9,"x":0.7328910611193851,"y":3.3772680175374696}}
{"track":{"f":143,"p":9,"x":0.7544379767631939,"y":3.326321285916521}}
{"track":{"f":144,"p":9,"x":0.7625612723845355,"y":3.3408000889446727}}
{"track":{"f":145,"p":9,"x":0.6331609145589912,"y":3.563263249087462}}
{"track":{"f":146,"p":9,"x":0.6811142538470204,"y":3.4449885038000154}}
{"track":{"f":147,"p":9,"x":0.6700872633592952,"y":3.4674989794297963}}
{"track":{"f":148,"p":9,"x":0.7431895814951927,"y":4.026196217271427}}
{"track":{"f":149,"p":9,"x":0.7716357853624856,"y":4.123754797563391}}
{"track":{"f":150,"p":9,"x":0.7775987256132169,"y":4.155621779283252}}
{"track":{"f":151,"p":9,"x":0.8381100558340139,"y":4.320662645818182}}
{"track":{"f":152,"p":9,"x":0.8574114613711444,"y":4.407506263273227}}
{"track":{"f":153,"p":9,"x":0.7889660949470763,"y":4.345569200094639}}
{"track":{"f":154,"p":9,"x":0.7909636988848827,"y":4.356571860667402}}
{"track":{"f":155,"p":9,"x":0.7277142399945834,"y":4.634150556190552}}
{"track":{"f":156,"p":9,"x":0.7204154779436981,"y":4.587671374722475}}
{"track":{"f":157,"p":9,"x":0.7049541530378178,"y":4.640256334879075}}
{"track":{"f":158,"p":9,"x":0.7872421875653298,"y":5.281247134272705}}
{"track":{"f":159,"p":9,"x":0.7958341714791286,"y":5.338886817637236}}
{"track":{"f":160,"p":9,"x":0.9138327438619855,"y":5.232259798744608}}
{"track":{"f":161,"p":9,"x":0.9067427071223264,"y":5.235707889512787}}
{"track":{"f":162,"p":9,"x":0.9159530053444035,"y":5.300682330816944}}
{"track":{"f":163,"p":9,"x":0.7938943684928975,"y":5.621944074975556}}
{"track":{"f":164,"p":9,"x":0.9579116534541912,"y":5.884528535911453}}
{"track":{"f":165,"p":9,"x":0.9741332375448842,"y":5.9841790351356305}}
{"track":{"f":166,"p":9,"x":0.9695163429654048,"y":5.963957626466257}}
{"track":{"f":167,"p":9,"x":0.973008081631351,"y":5.974285856056568}}
{"track":{"f":168,"p":9,"x":0.8340942693128465,"y":5.973489703684235}}
{"track":{"f":169,"p":9,"x":0.840133489175246,"y":6.01674047160529}}
{"track":{"f":170,"p":9,"x":0.9636296215106797,"y":6.219584468542767}}
{"track":{"f":171,"p":9,"x":1.0038513312032558,"y":6.507277870000053}}
{"track":{"f":172,"p":9,"x":1.0170284995430785,"y":6.595036404716074}}
{"track":{"f":173,"p":9,"x":1.1042603993630982,"y":6.7829113464504465}}
{"track":{"f":174,"p":9,"x":1.1087442544922035,"y":6.808070918565411}}
{"track":{"f":175,"p":9,"x":1.175918703249206,"y":6.890165228227692}}
{"track":{"f":176,"p":9,"x":1.1875738893471184,"y":6.913242672687564}}
{"track":{"f":177,"p":9,"x":1.1737232175554404,"y":6.864957521883993}}
{"track":{"f":178,"p":9,"x":1.148887454629174,"y":6.8266006637921866}}
{"track":{"f":179,"p":9,"x":1.1047793870896527,"y":6.92285168652426}}
{"track":{"f":180,"p":9,"x":1.113841785095089,"y":6.979639166494502}}
{"track":{"f":181,"p":9,"x":1.1008711450406454,"y":6.885858533733083}}
{"track":{"f":182,"p":9,"x":1.0996282345717816,"y":6.878084230902775}}
{"track":{"f":183,"p":9,"x":1.2759415308682813,"y":7.404682212902031}}
{"track":{"f":184,"p":9,"x":1.2199027780644407,"y":7.487570830867327}}
{"track":{"f":185,"p":9,"x":1.23459818596958,"y":7.577768926614595}}
{"track":{"f":186,"p":9,"x":1.2448211305877341,"y":7.654847313464127}}
{"track":{"f":187,"p":9,"x":1.2220777512957115,"y":7.734954205342844}}
{"track":{"f":188,"p":9,"x":1.2236802274134606,"y":7.742755421244466}}
{"track":{"f":189,"p":9,"x":1.0949456043050843,"y":7.8467108404795445}}
{"track":{"f":190,"p":9,"x":1.220160391645663,"y":7.992952774645683}}
{"track":{"f":191,"p":9,"x":1.21180909330226,"y":7.93824559539053}}
{"track":{"f":192,"p":9,"x":1.1283656663406514,"y":7.684483541338875}}
{"track":{"f":193,"p":9,"x":1.0921364451076292,