{"track":{"f":72,"p":16,"x":0.19902151039059618,"y":2.489518519534238}}
{"track":{"f":73,"p":16,"x":0.19903204854942047,"y":2.4896503391626945}}
{"track":{"f":74,"p":16,"x":0.1688003569356177,"y":2.5438509931174673}}
{"track":{"f":75,"p":16,"x":0.16458419695502433,"y":2.5705059124430165}}
{"track":{"f":76,"p":16,"x":0.07156432890032158,"y":2.6131679034665605}}
{"track":{"f":77,"p":16,"x":0.08740835632007381,"y":2.6358695553178064}}
{"track":{"f":78,"p":16,"x":0.1892995203898125,"y":2.7006731575613263}}
{"track":{"f":79,"p":16,"x":0.1919629182773301,"y":2.7386709674232415}}
{"track":{"f":80,"p":16,"x":0.21703534720419584,"y":2.76137628194265}}
{"track":{"f":83,"p":16,"x":0.03610542264495216,"y":2.8179950115894594}}
{"track":{"f":84,"p":16,"x":0.22049286056662062,"y":2.845837098696855}}
{"track":{"f":85,"p":16,"x":0.06545448025534054,"y":2.8221708046936116}}
{"track":{"f":94,"p":16,"x":0.1592697796527581,"y":3.361817502824371}}
{"track":{"f":95,"p":16,"x":0.15958144666333346,"y":3.368396074186053}}
{"track":{"f":96,"p":16,"x":0.47626386779669133,"y":3.3388463454074544}}
{"track":{"f":97,"p":16,"x":0.4481844613821085,"y":3.3022047513098736}}
{"track":{"f":98,"p":16,"x":0.4459961413830999,"y":3.2860812992030586}}
{"track":{"f":99,"p":16,"x":0.32810640362340493,"y":3.270524692753332}}
{"track":{"f":100,"p":16,"x":0.4426078221076695,"y":3.261116301586281}}
{"track":{"f":101,"p":16,"x":0.4326084787724311,"y":3.2652927470677446}}
{"track":{"f":102,"p":16,"x":0.4266466546477831,"y":3.2564764672519346}}
{"track":{"f":103,"p":16,"x":0.39257077024158515,"y":3.257962417251068}}
{"track":{"f":104,"p":16,"x":0.3010295753853705,"y":3.5082000492508354}}
{"track":{"f":105,"p":16,"x":0.30632756950820333,"y":3.5699428970054408}}
{"track":{"f":106,"p":16,"x":0.32908030401493477,"y":3.5985694613594568}}
{"track":{"f":107,"p":16,"x":0.31227961631422285,"y":3.635561153783307}}
{"track":{"f":108,"p":16,"x":0.17438865629048456,"y":3.83819174339104}}
{"track":{"f":109,"p":16,"x":0.17382773958785896,"y":3.7784306958284306}}
{"track":{"f":110,"p":16,"x":0.16956989308348733,"y":3.7300056638584183}}
{"track":{"f":111,"p":16,"x":0.169381682931295,"y":3.725865630973409}}
{"track":{"f":114,"p":16,"x":0.13436838670504608,"y":3.9296440056459914}}
{"track":{"f":115,"p":16,"x":0.14935014178540543,"y":3.961399780878949}}
{"track":{"f":116,"p":16,"x":0.14990451737495605,"y":3.9761041749472525}}
{"track":{"f":117,"p":16,"x":0.26497717731122644,"y":4.00185519707549}}
{"track":{"f":118,"p":16,"x":0.21485177664562258,"y":4.280868767721815}}
{"track":{"f":119,"p":16,"x":0.21783879321494648,"y":4.3428354070678745}}
{"track":{"f":120,"p":16,"x":0.14301900417643337,"y":4.506849598797814}}
{"track":{"f":121,"p":16,"x":0.14804749514210697,"y":4.547416631015619}}
{"track":{"f":122,"p":16,"x":0.10115338761313905,"y":4.905054377272933}}
{"track":{"f":123,"p":16,"x":0.08880084640222725,"y":4.889109158157756}}
{"track":{"f":124,"p":16,"x":0.14023363070782388,"y":4.8897531856732765}}
{"track":{"f":125,"p":16,"x":0.1424365044208765,"y":4.892574566657875}}
{"track":{"f":126,"p":16,"x":0.1443164792971312,"y":4.884761640856069}}
{"track":{"f":127,"p":16,"x":0.23384285898939755,"y":5.040628886469405}}
{"track":{"f":128,"p":16,"x":0.23139571668163217,"y":5.0230402693814264}}
{"track":{"f":129,"p":16,"x":0.2318983672343909,"y":5.046683227730874}}
{"track":{"f":130,"p":16,"x":0.23143055998784862,"y":5.034378148307095}}
{"track":{"f":131,"p":16,"x":0.06962351938445603,"y":5.387885421090828}}
{"track":{"f":132,"p":16,"x":0.07047416646074238,"y":5.4537135926819404}}
{"track":{"f":133,"p":16,"x":0.07112156246674553,"y":5.5038129776779146}}
{"track":{"f":134,"p":16,"x":0.07176305646600577,"y":5.553455630001274}}
{"track":{"f":135,"p":16,"x":0.2277113492138748,"y":5.634245388421038}}
{"track":{"f":136,"p":16,"x":0.016856827937980077,"y":5.738766597919184}}
{"track":{"f":137,"p":16,"x":0.01670105091458341,"y":5.685733608445654}}
{"track":{"f":138,"p":16,"x":0.03229128533391503,"y":5.632308663010016}}
{"track":{"f":139,"p":16,"x":0.055320951942713525,"y":5.601062959292771}}
{"track":{"f":140,"p":16,"x":0.06431612150975019,"y":5.565151143220068}}
{"track":{"f":141,"p":16,"x":0.2325683302384461,"y":5.650341730060106}}
{"track":{"f":142,"p":16,"x":0.2321021901803612,"y":5.641048197665801}}
{"track":{"f":143,"p":16,"x":0.23500899454113686,"y":5.591053067830404}}
{"track":{"f":144,"p":16,"x":0.23499707437526035,"y":5.676198625649584}}
{"track":{"f":145,"p":16,"x":0.23166445088101614,"y":5.643758866175952}}
{"track":{"f":146,"p":16,"x":0.2944119335872641,"y":5.949970206207128}}
{"track":{"f":147,"p":16,"x":0.2988082242474024,"y":5.998083806625552}}
{"track":{"f":148,"p":16,"x":0.3303665635123674,"y":6.126315531636763}}
{"track":{"f":149,"p":16,"x":0.33115757576944255,"y":6.140984058090262}}
{"track":{"f":150,"p":16,"x":0.3346562515075874,"y":6.168109177026151}}
{"track":{"f":151,"p":16,"x":0.2479364217622068,"y":6.477205496051064}}
{"track":{"f":152,"p":16,"x":0.2425132404228848,"y":6.384427198667874}}
{"track":{"f":153,"p":16,"x":0.19183352527123496,"y":6.434532001640111}}
{"track":{"f":154,"p":16,"x":0.20835874819127753,"y":6.425333288817507}}
{"track":{"f":155,"p":16,"x":0.17309553526552915,"y":6.970005251917611}}
{"track":{"f":156,"p":16,"x":0.17644186217907354,"y":7.1047511662259115}}
{"track":{"f":157,"p":16,"x":0.2451564495728756,"y":7.324532704604085}}
{"track":{"f":158,"p":16,"x":0.2464785583013396,"y":7.426570860449151}}
{"track":{"f":159,"p":16,"x":0.19054826738182187,"y":7.560747850235991}}
{"track":{"f":160,"p":16,"x":0.1865987145916962,"y":7.483968803390202}}
{"track":{"f":161,"p":16,"x":0.185254873729184,"y":7.432109555963386}}
{"track":{"f":162,"p":16,"x":0.29139081574408776,"y":7.507391029356546}}
{"track":{"f":163,"p":16,"x":0.2545352506775863,"y":7.560368082992313}}
{"track":{"f":164,"p":16,"x":0.35104324390881875,"y":8.073370422058044}}
{"track":{"f":165,"p":16,"x":0.3547629596839454,"y":8.114763639701335}}
{"track":{"f":166,"p":16,"x":0.35377685371887957,"y":8.136238587074557}}
{"track":{"f":167,"p":16,"x":0.3021634595902774,"y":8.289615963759584}}
{"track":{"f":168,"p":16,"x":0.30218936199794694,"y":8.351233163029358}}
{"track":{"f":169,"p":16,"x":0.34213733114748646,"y":8.779488301052467}}
{"track":{"f":170,"p":16,"x":0.3466657389414082,"y":8.895690479621493}}
{"track":{"f":171,"p":16,"x":0.3481234627901493,"y":8.986588311906184}}
{"track":{"f":172,"p":16,"x":0.35141120946639287,"y":9.073563683946624}}
{"track":{"f":173,"p":16,"x":0.2935901510047086,"y":9.168883780657847}}
{"track":{"f":174,"p":16,"x":0.2943717400349271,"y":9.193292974759842}}
{"track":{"f":175,"p":16,"x":0.294674742901553,"y":9.20487578186002}}
{"track":{"f":176,"p":16,"x":0.4565322866967899,"y":9.798016552538057}}
{"track":{"f":177,"p":16,"x":0.45796942815668945,"y":9.828860232651717}}
{"track":{"f":178,"p":16,"x":0.4573492480004358,"y":9.815550033978814}}
{"track":{"f":179,"p":16,"x":0.4473906321025495,"y":9.814437443324904}}
{"track":{"f":180,"p":16,"x":0.44547264860912167,"y":9.772362514475557}}
{"track":{"f":181,"p":16,"x":0.36354119538728225,"y":10.220268248893651}}
{"track":{"f":182,"p":16,"x":0.3383521780688226,"y":10.187360462552899}}
{"track":{"f":183,"p":16,"x":0.33582780972625453,"y":10.111354892283554}}
{"track":{"f":184,"p":16,"x":0.5781354191024358,"y":10.233575053532212}}
{"track":{"f":185,"p":16,"x":0.5559011472498204,"y":10.250694626563599}}
{"track":{"f":186,"p":16,"x":0.4886470660459181,"y":11.561184850665585}}
{"track":{"f":187,"p":16,"x":0.5057508289651199,"y":11.965852715247147}}
{"track":{"f":188,"p":16,"x":0.5133470228099339,"y":12.263955609864741}}
{"track":{"f":189,"p":16,"x":0.5161098540432224,"y":12.389274460813258}}
{"track":{"f":190,"p":16,"x":0.6575873908831267,"y":12.861989876966247}}
{"track":{"f":191,"p":16,"x":0.6231502458817845,"y":12.939804684649872}}
{"track":{"f":192,"p":16,