{"track":{"f":49,"p":3,"x":0.006900529325503985,"y":5.23423308627173}}
{"track":{"f":52,"p":3,"x":-0.004422409499577476,"y":5.5370834837019}}
{"track":{"f":53,"p":3,"x":-0.015668721001127737,"y":5.6314755720768614}}
{"track":{"f":54,"p":3,"x":-0.029765858603712232,"y":5.695918195781851}}
{"track":{"f":55,"p":3,"x":-0.17332126400019443,"y":5.731424140567562}}
{"track":{"f":56,"p":3,"x":-0.17314507649787889,"y":5.725597935053412}}
{"track":{"f":57,"p":3,"x":0.03862150780739505,"y":5.527806021709504}}
{"track":{"f":58,"p":3,"x":0.03855902380762541,"y":5.518862833061624}}
{"track":{"f":59,"p":3,"x":-0.07346064500818039,"y":5.749239349487504}}
{"track":{"f":60,"p":3,"x":-0.14961233103799806,"y":5.756730918918015}}
{"track":{"f":61,"p":3,"x":-0.1490136681398946,"y":5.730650798248414}}
{"track":{"f":62,"p":3,"x":-0.14811753868638985,"y":5.696188154437509}}
{"track":{"f":63,"p":3,"x":-0.1634172700933577,"y":5.99422683661943}}
{"track":{"f":64,"p":3,"x":-0.1659439824377387,"y":6.11922115250599}}
{"track":{"f":65,"p":3,"x":-0.16637295011589495,"y":6.1429408318897725}}
{"track":{"f":66,"p":3,"x":-0.1243451465066847,"y":6.109011380078842}}
{"track":{"f":67,"p":3,"x":-0.12171432024579237,"y":6.035035978606195}}
{"track":{"f":68,"p":3,"x":-0.1461321740550599,"y":6.093156725789461}}
{"track":{"f":69,"p":3,"x":-0.14950202336340618,"y":6.173941850766051}}
{"track":{"f":70,"p":3,"x":-0.18580889641748008,"y":6.284123634526509}}
{"track":{"f":71,"p":3,"x":-0.18372297698461204,"y":6.255382872955141}}
{"track":{"f":72,"p":3,"x":-0.1741484329791977,"y":6.291616154203252}}
{"track":{"f":73,"p":3,"x":-0.1747246046754932,"y":6.312432024263021}}
{"track":{"f":74,"p":3,"x":-0.17902407200224124,"y":6.286305133305711}}
{"track":{"f":75,"p":3,"x":-0.17893530696795532,"y":6.264158123107111}}
{"track":{"f":76,"p":3,"x":-0.2127967168185264,"y":6.2829734987639725}}
{"track":{"f":77,"p":3,"x":-0.20888736222027698,"y":6.294118106040551}}
{"track":{"f":78,"p":3,"x":-0.20675698871354267,"y":6.463229321559731}}
{"track":{"f":79,"p":3,"x":-0.07723260077358925,"y":6.640952882844678}}
{"track":{"f":80,"p":3,"x":-0.07827663192725653,"y":6.730725357554575}}
{"track":{"f":81,"p":3,"x":0.021561997702221166,"y":6.747209393335497}}
{"track":{"f":82,"p":3,"x":0.05176895736519596,"y":6.754712544411034}}
{"track":{"f":83,"p":3,"x":-0.10551769026329705,"y":6.8179383173276795}}
{"track":{"f":84,"p":3,"x":-0.10111238038757793,"y":6.988591254074905}}
{"track":{"f":85,"p":3,"x":-0.1151984265714348,"y":7.174181257297781}}
{"track":{"f":86,"p":3,"x":-0.1275879317143686,"y":7.252543650531423}}
{"track":{"f":87,"p":3,"x":-0.12126941246348287,"y":7.286951232682668}}
{"track":{"f":88,"p":3,"x":-0.1433379584457801,"y":7.498617048742266}}
{"track":{"f":89,"p":3,"x":-0.14291940449543725,"y":7.476720714917706}}
{"track":{"f":90,"p":3,"x":-0.16291064851798626,"y":7.525424597473411}}
{"track":{"f":91,"p":3,"x":-0.16074260027192716,"y":7.527329994513294}}
