{"track":{"f":58,"p":12,"x":2.4005790480915143,"y":16.0970849541861}}
{"track":{"f":59,"p":12,"x":2.4059533972697213,"y":16.13312265740767}}
{"track":{"f":60,"p":12,"x":2.4847393588024302,"y":16.063046952734695}}
{"track":{"f":61,"p":12,"x":2.511093244013431,"y":16.233416409809386}}
{"track":{"f":62,"p":12,"x":2.5279879881242833,"y":16.34263553854643}}
{"track":{"f":63,"p":12,"x":2.2537726960420836,"y":15.997640951364634}}
{"track":{"f":64,"p":12,"x":2.253630801340106,"y":15.989182201200354}}
{"track":{"f":65,"p":12,"x":2.2550460929246996,"y":15.999223488797439}}
{"track":{"f":66,"p":12,"x":2.305234923671469,"y":15.451854091315525}}
{"track":{"f":67,"p":12,"x":2.135930474082557,"y":13.718604932602004}}
{"track":{"f":68,"p":12,"x":2.106393810700716,"y":13.528897533002885}}
{"track":{"f":69,"p":12,"x":2.2542644233107327,"y":13.345007840329016}}
{"track":{"f":70,"p":12,"x":2.282608346739978,"y":13.432397815705665}}
{"track":{"f":71,"p":12,"x":2.5993139153618072,"y":11.837524328904804}}
{"track":{"f":72,"p":12,"x":2.57259206256053,"y":11.731053231841717}}
{"track":{"f":73,"p":12,"x":2.5642300454549085,"y":11.511661348550424}}
{"track":{"f":74,"p":12,"x":2.5933469114871643,"y":11.611627319351864}}
{"track":{"f":75,"p":12,"x":2.6164085101548014,"y":11.711429740114337}}
{"track":{"f":76,"p":12,"x":2.3249736236545644,"y":10.199170287220346}}
{"track":{"f":77,"p":12,"x":2.3350702479933547,"y":10.243462054623519}}
{"track":{"f":78,"p":12,"x":2.343507986204848,"y":10.280476637491226}}
{"track":{"f":79,"p":12,"x":2.349322643705216,"y":10.302295126449382}}
{"track":{"f":80,"p":12,"x":2.3963767771012887,"y":9.720581238542454}}
{"track":{"f":81,"p":12,"x":2.3374602211635738,"y":9.5639664849202}}
{"track":{"f":82,"p":12,"x":2.4402626741706666,"y":8.25950057286547}}
{"track":{"f":83,"p":12,"x":2.4501719141414076,"y":8.296520505794339}}
{"track":{"f":84,"p":12,"x":2.4390445887863224,"y":8.055981141792097}}
{"track":{"f":85,"p":12,"x":2.4578014271116633,"y":8.114426808984758}}
{"track":{"f":86,"p":12,"x":2.6465807536359187,"y":7.344407451733931}}
{"track":{"f":87,"p":12,"x":2.6506218109201747,"y":7.338474288878656}}
{"track":{"f":88,"p":12,"x":3.0574541765194736,"y":6.989649304263379}}
{"track":{"f":89,"p":12,"x":3.0260052682708194,"y":6.929026183627373}}
{"track":{"f":90,"p":12,"x":2.313317326834805,"y":4.785480528752622}}
{"track":{"f":91,"p":12,"x":1.9179096253368466,"y":4.595996180497551}}
{"track":{"f":92,"p":12,"x":2.1879844615151605,"y":4.503744613605108}}
{"track":{"f":93,"p":12,"x":2.184251117744807,"y":4.496059903227949}}
{"track":{"f":94,"p":12,"x":2.351904130342225,"y":3.5293729938284657}}
{"track":{"f":95,"p":12,"x":2.3821565813068664,"y":3.578282743838875}}
{"track":{"f":96,"p":12,"x":2.4058417134126713,"y":3.6103141540506356}}
{"track":{"f":97,"p":12,"x":2.4239793048008935,"y":3.63753223849244}}
{"track":{"f":98,"p":12,"x":2.19239022999427,"y":3.4250798643375284}}
{"track":{"f":99,"p":12,"x":2.181984749280349,"y":3.40238505816137}}
{"track":{"f":100,"p":12,"x":2.53528006369673,"y":2.24437444202605}}
{"track":{"f":101,"p":12,"x":2.6141327916098214,"y":1.9289079445299209}}
{"track":{"f":102,"p":12,"x":2.548780578779901,"y":1.9163574494060718}}
{"track":{"f":103,"p":12,"x":2.4874390035316933,"y":1.1807007792731865}}
{"track":{"f":104,"p":12,"x":2.496782582024711,"y":1.1783124707899997}}
{"track":{"f":105,"p":12,"x":2.4100844651920434,"y":0.7469979535454101}}
{"track":{"f":106,"p":12,"x":2.3512421605475047,"y":0.7345001020686351}}
{"track":{"f":107,"p":12,"x":1.9788272941133784,"y":-0.8401395949083148}}
{"track":{"f":108,"p":12,"x":2.0430248995103595,"y":-0.8673956118193159}}
{"track":{"f":109,"p":12,"x":2.273711811113526,"y":-1.0986823599347098}}
{"track":{"f":110,"p":12,"x":2.327302646049289,"y":-1.124578036207448}}
{"track":{"f":111,"p":12,"x":2.823178283296852,"y":-2.2128428631362924}}
{"track":{"f":112,"p":12,"x":2.88429679790569,"y":-2.228968995155722}}
{"track":{"f":113,"p":12,"x":2.841560141967549,"y":-2.470648530516032}}
{"track":{"f":114,"p":12,"x":2.8538750618098345,"y":-2.474617734349364}}
{"track":{"f":115,"p":12,"x":2.6103628959670275,"y":-3.5715795580198684}}
{"track":{"f":116,"p":12,"x":2.5209727183368313,"y":-3.5456059917128924}}
{"track":{"f":117,"p":12,"x":2.5626078425232666,"y":-3.515469593774103}}
{"track":{"f":118,"p":12,"x":2.4862851886720083,"y":-3.7388617730305693}}
{"track":{"f":119,"p":12,"x":2.4943128204352547,"y":-3.6918822062877603}}
{"track":{"f":120,"p":12,"x":2.143243940308428,"y":-4.257681994157345}}
{"track":{"f":121,"p":12,"x":2.1680358903264776,"y":-4.256337421323381}}
{"track":{"f":122,"p":12,"x":2.2826251186427435,"y":-4.480824071581806}}
{"track":{"f":123,"p":12,"x":2.287270009842292,"y":-4.48994205601422}}
{"track":{"f":124,"p":12,"x":2.757552020329503,"y":-5.760873622888279}}
{"track":{"f":125,"p":12,"x":2.641509625490976,"y":-5.801053080674383}}
{"track":{"f":126,"p":12,"x":2.6439509530245675,"y":-5.821252817033009}}
{"track":{"f":127,"p":12,"x":2.7978324667724546,"y":-6.139902247360915}}
{"track":{"f":128,"p":12,"x":2.782630981075435,"y":-6.106542266982234}}
{"track":{"f":129,"p":12,"x":2.717325017449397,"y":-6.487531632021356}}
{"track":{"f":130,"p":12,"x":2.6851009618457122,"y":-6.801143926960753}}
{"track":{"f":131,"p":12,"x":2.689051158024458,"y":-6.809371480803869}}
{"track":{"f":132,"p":12,"x":2.507942842304139,"y":-7.885444713426527}}
{"track":{"f":133,"p":12,"x":2.4425181344155535,"y":-7.679737107876176}}
{"track":{"f":134,"p":12,"x":2.395084461783734,"y":-7.550700075982926}}
{"track":{"f":135,"p":12,"x":2.256183114399833,"y":-7.5550539702078705}}
{"track":{"f":136,"p":12,"x":2.2084068208170398,"y":-7.372595723791384}}
{"track":{"f":137,"p":12,"x":2.3550884040227724,"y":-8.332949492726993}}
{"track":{"f":138,"p":12,"x":2.3171619217491526,"y":-8.198755183637342}}
{"track":{"f":139,"p":12,"x":2.317959340608501,"y":-8.356059179342726}}
{"track":{"f":140,"p":12,"x":2.3010608232002867,"y":-8.305200656481798}}
{"track":{"f":141,"p":12,"x":2.407771206236537,"y":-8.918184824942934}}
{"track":{"f":142,"p":12,"x":2.4101684318612095,"y":-8.937360448020517}}
{"track":{"f":143,"p":12,"x":1.9226658346446908,"y":-9.239399968807795}}
{"track":{"f":144,"p":12,"x":1.929881356489779,"y":-9.265671302276036}}
{"track":{"f":145,"p":12,"x":2.224453032714036,"y":-9.530858053209547}}
{"track":{"f":146,"p":12,"x":2.157419633873098,"y":-9.612914696240368}}
{"track":{"f":147,"p":12,"x":2.1380864101243304,"y":-9.50579197159144}}
{"track":{"f":148,"p":12,"x":2.126505216116694,"y":-9.442591908400185}}
{"track":{"f":149,"p":12,"x":2.0934738348228104,"y":-10.446096959274763}}
{"track":{"f":150,"p":12,"x":2.119721325369423,"y":-10.58741862321746}}
{"track":{"f":151,"p":12,"x":2.354193539086716,"y":-10.84631648436056}}
{"track":{"f":152,"p":12,"x":2.297494604698397,"y":-11.648686151195568}}
{"track":{"f":153,"p":12,"x":2.301502222461548,"y":-11.658186911049809}}
{"track":{"f":154,"p":12,"x":2.301642937023133,"y":-11.658899696222925}}
{"track":{"f":155,"p":12,"x":2.3925222768486485,"y":-11.793500957976212}}
{"track":{"f":156,"p":12,"x":2.470321478181587,"y":-12.093405850616495}}
{"track":{"f":157,"p":12,"x":2.4527366724883497,"y":-12.01020030057566}}
{"track":{"f":158,"p":12,"x":2.341161352831162,"y":-11.610044974998495}}
{"track":{"f":159,"p":12,"x":2.274132412027193,"y":-11.277641992000541}}
{"track":{"f":160,"p":12,"x":2.2258059063452857,"y":-11.037986188792894}}
{"track":{"f":161,"p":12,"x":2.1922269140549364,"y":-10.855533395756185}}
{"track":{"f":162,"p":12,"x":2.1350486114684353,"y":-10.899797418815483}}
{"track":{"f":163,"p":12,"x":2.0841514341035947,"y":-10.636479021794141}}
{"track":{"f":164,"p":12,"x":1.9815929313101515,"y":-10.587114932424333}}
{"track":{"f":165,"p":12,"x":1.9581731685688502,"y":-10.46198947607325}}
{"track":{"f":166,"p":12,"x":1.9422302818291228,"y":-10.373250078612974}}
{"track":{"f":167,"p":12,