{"track":{"f":0,"p":23,"x":0.07317428436065147,"y":2.309878756531166}}
{"track":{"f":1,"p":23,"x":0.07307372469970594,"y":2.294134528370595}}
{"track":{"f":2,"p":23,"x":0.12083255705636327,"y":2.271438917101427}}
{"track":{"f":3,"p":23,"x":0.11642421871937494,"y":2.256706999724537}}
{"track":{"f":4,"p":23,"x":0.11550485482887357,"y":2.3061043361636333}}
{"track":{"f":5,"p":23,"x":0.11582892504349784,"y":2.314862516795239}}
{"track":{"f":6,"p":23,"x":-0.03058712814263943,"y":2.3287228063010605}}
{"track":{"f":7,"p":23,"x":-0.036563014996184716,"y":2.3279571015919474}}
{"track":{"f":9,"p":23,"x":0.09596631201616375,"y":2.2656737943898397}}
{"track":{"f":10,"p":23,"x":0.09326587931135684,"y":2.2513310642745603}}
{"track":{"f":11,"p":23,"x":0.08588755593787567,"y":2.2629724178085695}}
{"track":{"f":12,"p":23,"x":0.08914152431783343,"y":2.2650990519776437}}
{"track":{"f":13,"p":23,"x":0.11702006975872507,"y":2.2959815319599635}}
{"track":{"f":14,"p":23,"x":0.09286181618381002,"y":2.2636592797624235}}
{"track":{"f":17,"p":23,"x":0.10786865873398321,"y":2.2907430207502517}}
{"track":{"f":18,"p":23,"x":0.1064156500976914,"y":2.2713724146645737}}
{"track":{"f":19,"p":23,"x":0.1177297019345713,"y":2.2659378302224034}}
{"track":{"f":20,"p":23,"x":0.13155927879996906,"y":2.2774127254448446}}
{"track":{"f":21,"p":23,"x":0.13935207896367544,"y":2.2986194411235967}}
{"track":{"f":22,"p":23,"x":0.12192687027674462,"y":2.303832694788404}}
{"track":{"f":23,"p":23,"x":0.014296556155294739,"y":2.3069016760092778}}
{"track":{"f":24,"p":23,"x":0.024111945600436613,"y":2.3099721349487594}}
{"track":{"f":25,"p":23,"x":0.04101064866762779,"y":2.338607233778387}}
{"track":{"f":26,"p":23,"x":0.05345330300182984,"y":2.3601295698607014}}
{"track":{"f":27,"p":23,"x":0.03473110855295316,"y":2.359751785357539}}
{"track":{"f":28,"p":23,"x":0.2655902497410093,"y":2.351289637511233}}
{"track":{"f":29,"p":23,"x":0.0247818659503511,"y":2.3506189898335395}}
{"track":{"f":30,"p":23,"x":0.019192418382055727,"y":2.3355877977083415}}
{"track":{"f":31,"p":23,"x":0.06464625930431014,"y":2.3102839806089244}}
{"track":{"f":32,"p":23,"x":0.06371853572442632,"y":2.2789765413176593}}
{"track":{"f":33,"p":23,"x":0.08803905987972584,"y":2.2521102943980376}}
{"track":{"f":34,"p":23,"x":0.07667706424938882,"y":2.233843990766895}}
{"track":{"f":35,"p":23,"x":0.08422963096780561,"y":2.251228318594077}}
{"track":{"f":36,"p":23,"x":0.07271880893091047,"y":2.275905089572888}}
{"track":{"f":37,"p":23,"x":0.12855042975023673,"y":2.288197649554214}}
{"track":{"f":38,"p":23,"x":0.13091259709824526,"y":2.2913032778559814}}
{"track":{"f":39,"p":23,"x":0.19985760840277247,"y":2.3337527213372655}}
{"track":{"f":40,"p":23,"x":0.20062749157680368,"y":2.3427427065915976}}
{"track":{"f":41,"p":23,"x":0.19109794021617965,"y":2.3459041586908427}}
{"track":{"f":42,"p":23,"x":0.19194616514455948,"y":2.3527348050921217}}
{"track":{"f":43,"p":23,"x":0.231634211328626,"y":2.3868190538527787}}
{"track":{"f":44,"p":23,"x":0.2291519275701993,"y":2.361240957518484}}
{"track":{"f":45,"p":23,"x":0.24292800332065842,"y":2.3422855455309435}}
{"track":{"f":46,"p":23,"x":0.24241702534973822,"y":2.3575655757404004}}
{"track":{"f":47,"p":23,"x":0.18640636594796642,"y":2.413606531883544}}
{"track":{"f":48,"p":23,"x":0.19049032082606643,"y":2.4045078751255144}}
{"track":{"f":49,"p":23,"x":0.1551913326136065,"y":2.4107538163579596}}
{"track":{"f":50,"p":23,"x":0.1548258981710798,"y":2.405077130282044}}
{"track":{"f":51,"p":23,"x":0.1595641283646176,"y":2.3950650479913493}}
{"track":{"f":52,"p":23,"x":0.1591499852320147,"y":2.3888487401536853}}
{"track":{"f":53,"p":23,"x":0.08708095510806885,"y":2.413004349905839}}
{"track":{"f":54,"p":23,"x":0.08743420955944645,"y":2.3763543547860757}}
{"track":{"f":55,"p":23,"x":0.10295363257934209,"y":2.344006362493926}}
{"track":{"f":56,"p":23,"x":0.10197785624404682,"y":2.3217902844304312}}
{"track":{"f":57,"p":23,"x":0.09571597302323971,"y":2.301086333982001}}
{"track":{"f":58,"p":23,"x":0.12725797390345012,"y":2.3493639953632623}}
{"track":{"f":59,"p":23,"x":0.1416980812471024,"y":2.3441831272288494}}
{"track":{"f":60,"p":23,"x":0.14020846680771,"y":2.343891803713929}}
{"track":{"f":61,"p":23,"x":0.09158604568734979,"y":2.3916037186329526}}
{"track":{"f":62,"p":23,"x":0.08107695154371283,"y":2.38819839866536}}
{"track":{"f":63,"p":23,"x":0.088103071373582,"y":2.3825626298422695}}
{"track":{"f":64,"p":23,"x":0.07573605745641099,"y":2.4813429630150203}}
{"track":{"f":65,"p":23,"x":0.07574488689604213,"y":2.4816322422385775}}
{"track":{"f":66,"p":23,"x":0.11942850259118615,"y":2.5187604529737646}}
{"track":{"f":67,"p":23,"x":0.15744738535804328,"y":2.5992001977587993}}
{"track":{"f":68,"p":23,"x":0.156994390665096,"y":2.591721992307404}}
{"track":{"f":69,"p":23,"x":0.15285056431519414,"y":2.5945235273244345}}
{"track":{"f":70,"p":23,"x":0.16080322540221165,"y":2.613287505220737}}
{"track":{"f":71,"p":23,"x":0.1588631970347033,"y":2.6255223694651915}}
{"track":{"f":72,"p":23,"x":0.128136003590729,"y":2.673665966149119}}
{"track":{"f":73,"p":23,"x":0.1294006942563129,"y":2.669086434789353}}
{"track":{"f":74,"p":23,"x":0.16606005486844483,"y":2.6991762612444545}}
{"track":{"f":75,"p":23,"x":0.06925331214289887,"y":2.8551251869822387}}
{"track":{"f":76,"p":23,"x":0.08071489166321151,"y":2.9124159529787756}}
{"track":{"f":77,"p":23,"x":0.081195214398271,"y":2.9282540769656857}}
{"track":{"f":78,"p":23,"x":0.03280111084558208,"y":3.043048510719684}}
{"track":{"f":79,"p":23,"x":0.08941946805665137,"y":3.1220058911624857}}
{"track":{"f":80,"p":23,"x":0.09365859246132775,"y":3.1614632766510447}}
{"track":{"f":81,"p":23,"x":0.09477617959284086,"y":3.1976145903294144}}
{"track":{"f":82,"p":23,"x":0.09544072805499741,"y":3.220035517905323}}
{"track":{"f":83,"p":23,"x":0.09562099490234684,"y":3.2277045374713347}}
{"track":{"f":84,"p":23,"x":1.2353892807402136,"y":-1.0037787486329008}}
{"track":{"f":85,"p":23,"x":0.6616590052202894,"y":-1.6318653398403893}}
{"track":{"f":86,"p":23,"x":0.6588271925611663,"y":-1.633865518606325}}
{"track":{"f":87,"p":23,"x":1.3491671036056678,"y":-1.1239284246787744}}
{"track":{"f":88,"p":23,"x":1.3674839527069769,"y":-1.1408898435997306}}
{"track":{"f":89,"p":23,"x":1.3447236250322487,"y":-0.9445204065808832}}
{"track":{"f":90,"p":23,"x":1.3419147043545523,"y":-0.9425474488287002}}
{"track":{"f":91,"p":23,"x":1.1406963019553893,"y":-0.6972254309891333}}
{"track":{"f":92,"p":23,"x":1.1353041624562614,"y":-0.4045446468659879}}
{"track":{"f":93,"p":23,"x":1.1350322002292632,"y":-0.4044477381548951}}
{"track":{"f":94,"p":23,"x":1.1395297965594533,"y":-0.40605037344798356}}
{"track":{"f":95,"p":23,"x":0.8565383738702527,"y":1.5645258120508307}}
{"track":{"f":96,"p":23,"x":0.8564756749422612,"y":1.560572242072709}}
{"track":{"f":97,"p":23,"x":0.9901212931546659,"y":1.3235388821053538}}
{"track":{"f":98,"p":23,"x":0.9851239575653824,"y":1.3150259340523944}}
{"track":{"f":99,"p":23,"x":1.1388107695294465,"y":2.1382565847458492}}
{"track":{"f":100,"p":23,"x":1.1837577211598622,"y":2.3715624772638604}}
{"track":{"f":101,"p":23,"x":1.2013733674668208,"y":2.415089611996656}}
{"track":{"f":102,"p":23,"x":1.2192504663939236,"y":3.1099413120082775}}
{"track":{"f":103,"p":23,"x":1.2541522575910544,"y":3.198965286407952}}
{"track":{"f":104,"p":23,"x":1.3067569672475592,"y":3.4416422503661965}}
{"track":{"f":105,"p":23,"x":1.3206203706346111,"y":3.475860195834697}}
{"track":{"f":106,"p":23,"x":0.7825175592492997,"y":4.138128885379865}}
{"track":{"f":107,"p":23,"x":0.7793709138331179,"y":4.092717416621033}}
{"track":{"f":108,"p":23,"x":0.9393079979208497,"y":4.332744511044428}}
{"track":{"f":109,"p":23,"x":1.2415979695095112,"y":4.913769741873266}}
{"track":{"f":110,"p":23,"x":1.2677713841392966,"y":5.017354103323333}}
{"track":{"f":111,"p":23,"x":0.6582014542505621,