{"track":{"f":43,"p":5,"x":0.20060522100177958,"y":3.8946240002560057}}
{"track":{"f":58,"p":5,"x":0.17443774263275807,"y":3.902236909266144}}
{"track":{"f":60,"p":5,"x":0.0887708430068996,"y":4.088222091844581}}
{"track":{"f":61,"p":5,"x":0.08858647139054153,"y":4.079731104380989}}
{"track":{"f":62,"p":5,"x":-0.026875579522133056,"y":4.24389832999501}}
{"track":{"f":63,"p":5,"x":0.13704020803159517,"y":4.35079354342486}}
{"track":{"f":64,"p":5,"x":0.11057661744084604,"y":4.374132745447437}}
{"track":{"f":65,"p":5,"x":0.184850295769149,"y":4.799707056487861}}
{"track":{"f":66,"p":5,"x":0.18555573974075293,"y":4.927214522549427}}
{"track":{"f":67,"p":5,"x":0.1423066866064026,"y":4.972076590213816}}
{"track":{"f":68,"p":5,"x":0.1414728989430917,"y":4.981905801478758}}
{"track":{"f":69,"p":5,"x":-0.22056323146875814,"y":5.528462782571004}}
{"track":{"f":70,"p":5,"x":-0.23058590348318234,"y":5.544947211019693}}
{"track":{"f":71,"p":5,"x":-0.23580215601957213,"y":5.5765544466937484}}
{"track":{"f":72,"p":5,"x":-0.1681584013817603,"y":5.5610258255315514}}
{"track":{"f":73,"p":5,"x":-0.17073774733054914,"y":5.5217910339896275}}
{"track":{"f":74,"p":5,"x":-0.1685252164272268,"y":5.58458142881596}}
{"track":{"f":75,"p":5,"x":0.029839760031651386,"y":5.291246939849777}}
{"track":{"f":76,"p":5,"x":0.030228838043117996,"y":5.361263750562489}}
{"track":{"f":77,"p":5,"x":-0.2152660820057632,"y":5.9674487858532865}}
{"track":{"f":78,"p":5,"x":-0.21564190158637658,"y":6.063303222139499}}
{"track":{"f":79,"p":5,"x":-0.18629535120872895,"y":6.161871847164223}}
{"track":{"f":80,"p":5,"x":-0.19246031338400238,"y":6.164805659362317}}
{"track":{"f":81,"p":5,"x":-0.19397721969702006,"y":6.195981870251429}}
{"track":{"f":82,"p":5,"x":-0.19402799767023976,"y":6.217038349096067}}
{"track":{"f":83,"p":5,"x":-0.12246964504027232,"y":6.272566512556146}}
{"track":{"f":84,"p":5,"x":-0.12166691266606738,"y":6.231452714869161}}
{"track":{"f":85,"p":5,"x":-0.1397246565914359,"y":6.210890703340276}}
{"track":{"f":86,"p":5,"x":-0.1186482083024644,"y":6.171871015785172}}
{"track":{"f":87,"p":5,"x":-0.1284584682518851,"y":6.161400891472928}}
{"track":{"f":88,"p":5,"x":-0.18704158211637575,"y":6.271769368188651}}
{"track":{"f":89,"p":5,"x":-0.1783732275158728,"y":6.185838658593602}}
{"track":{"f":90,"p":5,"x":-0.21531805367847248,"y":6.223922140186018}}
{"track":{"f":91,"p":5,"x":-0.21600864884766327,"y":6.24388428683374}}
{"track":{"f":92,"p":5,"x":-0.21695035421826322,"y":6.230416518809079}}
{"track":{"f":93,"p":5,"x":-0.14329190918205137,"y":6.3497965691324945}}
{"track":{"f":94,"p":5,"x":-0.14299760567172698,"y":6.336754887778618}}
{"track":{"f":95,"p":5,"x":-0.11706903912919198,"y":6.438287713292983}}
{"track":{"f":96,"p":5,"x":-0.118071938017473,"y":6.49344278792352}}
{"track":{"f":97,"p":5,"x":-0.11818640287974766,"y":6.515391321863459}}
{"track":{"f":98,"p":5,"x":-0.11741786097499102,"y":6.518778939055616}}
{"track":{"f":99,"p":5,"x":-0.0674580916711448,"y":6.887056741313274}}
{"track":{"f":100,"p":5,"x":-0.07099736611992452,"y":6.89979387376064}}
{"track":{"f":101,"p":5,"x":-0.015643911808459483,"y":7.001905909924597}}
{"track":{"f":102,"p":5,"x":0.18207253894582584,"y":7.441523364555734}}
{"track":{"f":103,"p":5,"x":0.18115298333746133,"y":7.579440822839381}}
{"track":{"f":104,"p":5,"x":0.016178568148870254,"y":7.826278633245808}}
{"track":{"f":105,"p":5,"x":0.014280743202931715,"y":8.002589146529981}}
