{"track":{"f":0,"p":7,"x":0.08738162217009844,"y":5.973167766969124}}
{"track":{"f":1,"p":7,"x":0.08733054183797224,"y":5.969676055716745}}
{"track":{"f":2,"p":7,"x":0.08724145123314109,"y":5.963586066587433}}
{"track":{"f":3,"p":7,"x":0.0539387819358544,"y":6.066496097821521}}
{"track":{"f":4,"p":7,"x":0.05419246147162859,"y":6.095027441293478}}
{"track":{"f":5,"p":7,"x":0.047965890966852234,"y":6.118534293905551}}
{"track":{"f":6,"p":7,"x":0.0683539497287895,"y":6.155333367358076}}
{"track":{"f":7,"p":7,"x":0.07057497118498583,"y":6.147804524136981}}
{"track":{"f":8,"p":7,"x":0.02858515079647276,"y":6.268955341159413}}
{"track":{"f":9,"p":7,"x":0.008161346493311962,"y":6.270268341428997}}
{"track":{"f":10,"p":7,"x":-0.06093126247683576,"y":6.255367823564353}}
{"track":{"f":11,"p":7,"x":-0.062337688753496205,"y":6.199003625852473}}
{"track":{"f":12,"p":7,"x":-0.12158802427900976,"y":6.2690982022846775}}
{"track":{"f":13,"p":7,"x":-0.13963516972807477,"y":6.268150586919975}}
{"track":{"f":14,"p":7,"x":-0.13235282893573003,"y":6.209602752047987}}
{"track":{"f":15,"p":7,"x":-0.1312242395221478,"y":6.156652679239825}}
{"track":{"f":16,"p":7,"x":-0.13018858270889497,"y":6.106204550997571}}
{"track":{"f":17,"p":7,"x":-0.06908430167401103,"y":6.24356657607972}}
{"track":{"f":18,"p":7,"x":-0.057975218079874366,"y":6.278108985376455}}
{"track":{"f":19,"p":7,"x":-0.05821926109499231,"y":6.304536288227125}}
{"track":{"f":20,"p":7,"x":-0.0544665846035024,"y":6.339117358393066}}
{"track":{"f":21,"p":7,"x":-0.05616395709505776,"y":6.3201312547216855}}
{"track":{"f":22,"p":7,"x":0.04783464781382689,"y":6.40864093147959}}
{"track":{"f":23,"p":7,"x":0.049608545005029564,"y":6.39135404221804}}
{"track":{"f":24,"p":7,"x":0.0458948769187903,"y":6.37345832105052}}
{"track":{"f":25,"p":7,"x":0.04594860241096075,"y":6.380919223184149}}
{"track":{"f":26,"p":7,"x":-0.06362660137472101,"y":6.802706257336917}}
{"track":{"f":27,"p":7,"x":-0.0665573836665132,"y":6.918385819904774}}
{"track":{"f":28,"p":7,"x":-0.06537394623729131,"y":6.989525505473808}}
{"track":{"f":29,"p":7,"x":-0.13812651760685773,"y":7.3076943566521315}}
{"track":{"f":30,"p":7,"x":-0.13941904592286178,"y":7.376076605363853}}
{"track":{"f":31,"p":7,"x":-0.13376384179049072,"y":7.424666077124802}}
{"track":{"f":32,"p":7,"x":-0.1373096661486782,"y":7.57092858955075}}
{"track":{"f":33,"p":7,"x":-0.13768658146418777,"y":7.5917108040741015}}
{"track":{"f":34,"p":7,"x":-0.2036265538738352,"y":7.512410380087092}}
{"track":{"f":35,"p":7,"x":-0.20174517193012861,"y":7.378382403412262}}
{"track":{"f":36,"p":7,"x":-0.22183078915772977,"y":7.4574225326573895}}
{"track":{"f":37,"p":7,"x":-0.22144342440909046,"y":7.503726386971076}}
{"track":{"f":38,"p":7,"x":-0.22231652092476017,"y":7.531485711184649}}
{"track":{"f":39,"p":7,"x":-0.22283339321547188,"y":7.550826207782383}}
{"track":{"f":40,"p":7,"x":-0.22380169019859208,"y":7.583637458069232}}
{"track":{"f":41,"p":7,"x":-0.2257457057343118,"y":7.592710836910093}}
{"track":{"f":42,"p":7,"x":-0.15571601270827545,"y":7.740842027233337}}
{"track":{"f":43,"p":7,"x":-0.15877125471857656,"y":7.694602810915344}}
{"track":{"f":44,"p":7,"x":-0.15911719204849958,"y":7.834820718151023}}
{"track":{"f":45,"p":7,"x":-0.16015694902970584,"y":7.886017634293905}}
{"track":{"f":46,"p":7,"x":-0.06910716587358696,"y":8.278808540235065}}
{"track":{"f":47,"p":7,"x":-0.06956641056709206,"y":8.333824526530943}}
{"track":{"f":48,"p":7,"x":-0.12048470445301647,"y":8.57978592747227}}
{"track":{"f":49,"p":7,"x":-0.12281195763687558,"y":8.745510981180857}}
{"track":{"f":50,"p":7,"x":-0.13517741568597083,"y":8.915474559378852}}
{"track":{"f":51,"p":7,"x":-0.13490012228075668,"y":8.897185984418865}}
{"track":{"f":52,"p":7,"x":-0.13484329050844873,"y":8.893437708735343}}
{"track":{"f":53,"p":7,"x":-0.15695042463683434,"y":8.826876354740483}}
{"track":{"f":54,"p":7,"x":-0.14519810391677848,"y":8.770302242916141}}
{"track":{"f":55,"p":7,"x":-0.14648379631972608,"y":8.722936145487857}}
{"track":{"f":56,"p":7,"x":-0.11281753545662579,"y":9.27636170889262}}
{"track":{"f":57,"p":7,"x":-0.11409815486447081,"y":9.381659956993104}}
{"track":{"f":58,"p":7,"x":-0.08139344395316976,"y":9.681508460201753}}
{"track":{"f":59,"p":7,"x":-0.08156035564127635,"y":9.701362109857378}}
{"track":{"f":60,"p":7,"x":-0.12269998998744543,"y":9.83378938944158}}
{"track":{"f":61,"p":7,"x":-0.12301268306824192,"y":9.85885017306841}}
{"track":{"f":62,"p":7,"x":-0.13461889118393758,"y":9.957655827882643}}
{"track":{"f":63,"p":7,"x":-0.13507549951405906,"y":9.991430794824556}}
{"track":{"f":64,"p":7,"x":-0.1351492235535958,"y":9.996884105318285}}
{"track":{"f":65,"p":7,"x":-0.16482929281529218,"y":10.082631653126759}}
{"track":{"f":66,"p":7,"x":-0.16517837012488648,"y":10.103984762583138}}
{"track":{"f":67,"p":7,"x":-0.16538344243545264,"y":10.118652769361397}}
{"track":{"f":68,"p":7,"x":-0.16558833496012298,"y":10.129062370779005}}
{"track":{"f":69,"p":7,"x":-0.16544519910125027,"y":10.122431226552754}}
{"track":{"f":70,"p":7,"x":-0.12295668515673412,"y":10.269862337320177}}
{"track":{"f":71,"p":7,"x":-0.13174749781060943,"y":10.248116992486661}}
{"track":{"f":72,"p":7,"x":-0.05597665721619257,"y":10.351897615160516}}
{"track":{"f":73,"p":7,"x":-0.056466637194361416,"y":10.442510788932083}}
{"track":{"f":74,"p":7,"x":-0.056800693216166126,"y":10.504288571090326}}
{"track":{"f":75,"p":7,"x":-0.0570599972059151,"y":10.552242280485979}}
{"track":{"f":76,"p":7,"x":-0.013407337639633603,"y":10.649572685139034}}
{"track":{"f":77,"p":7,"x":-0.01787052152735745,"y":10.673549942944558}}
{"track":{"f":78,"p":7,"x":-0.015662263023650223,"y":10.679168508373479}}
{"track":{"f":79,"p":7,"x":-0.015677781704173596,"y":10.689749776488217}}
{"track":{"f":80,"p":7,"x":-0.042467973810994174,"y":10.751291525774183}}
{"track":{"f":81,"p":7,"x":-0.042536578247576444,"y":10.770869277689911}}
{"track":{"f":82,"p":7,"x":-0.08742899619352058,"y":11.008475405143693}}
{"track":{"f":83,"p":7,"x":-0.08798946629688671,"y":11.079046058094697}}
{"track":{"f":84,"p":7,"x":-0.08256695566526148,"y":11.163395244513588}}
{"track":{"f":85,"p":7,"x":-0.25332390343469346,"y":11.27807737953258}}
{"track":{"f":86,"p":7,"x":-0.25517150354884793,"y":11.362780933809496}}
{"track":{"f":87,"p":7,"x":0.12761411339997822,"y":11.667829284889674}}
{"track":{"f":88,"p":7,"x":0.12861990675849935,"y":11.759789530433354}}
{"track":{"f":89,"p":7,"x":0.12929232820007794,"y":11.821269396404354}}
{"track":{"f":90,"p":7,"x":0.2610619799546191,"y":12.183953625443014}}
{"track":{"f":91,"p":7,"x":0.26515867846813274,"y":12.37514954265298}}
{"track":{"f":92,"p":7,"x":0.13686706068054055,"y":12.430837983787546}}
