{"track":{"f":0,"p":22,"x":-0.05175736601021924,"y":4.086502833336859}}
{"track":{"f":1,"p":22,"x":-0.05173418294152416,"y":4.0846724141480415}}
{"track":{"f":3,"p":22,"x":-0.24214866503176743,"y":4.100416608068175}}
{"track":{"f":14,"p":22,"x":-0.11616229335697163,"y":4.077030476310567}}
{"track":{"f":19,"p":22,"x":-0.11357552902323126,"y":4.0976030202660585}}
{"track":{"f":22,"p":22,"x":-0.13517699240538278,"y":4.115593673122395}}
{"track":{"f":23,"p":22,"x":-0.1399400483002411,"y":4.144137653949624}}
{"track":{"f":57,"p":22,"x":-0.11669280173858478,"y":4.169687877152321}}
{"track":{"f":58,"p":22,"x":-0.12114747242633093,"y":4.175460306553929}}
{"track":{"f":66,"p":22,"x":-0.06397294214544301,"y":4.132208959966039}}
{"track":{"f":67,"p":22,"x":-0.05897843485963138,"y":4.0931033792584195}}
{"track":{"f":68,"p":22,"x":-0.10793718551867214,"y":4.100961517402587}}
{"track":{"f":69,"p":22,"x":-0.08579467259140178,"y":4.1064207887536766}}
{"track":{"f":70,"p":22,"x":-0.10545551547567951,"y":4.086566342921844}}
{"track":{"f":74,"p":22,"x":-0.08105028156163101,"y":4.065250550898378}}
{"track":{"f":75,"p":22,"x":-0.10036779186160381,"y":4.105088102430031}}
{"track":{"f":76,"p":22,"x":-0.10090831213242685,"y":4.124344443636791}}
{"track":{"f":77,"p":22,"x":-0.05140232442868987,"y":4.113981668685712}}
{"track":{"f":78,"p":22,"x":-0.07592521523420097,"y":4.048341079711418}}
{"track":{"f":79,"p":22,"x":0.23896162891279177,"y":4.2283298593400165}}
{"track":{"f":80,"p":22,"x":0.23892045551563826,"y":4.2276013126466125}}
{"track":{"f":81,"p":22,"x":0.24047948035525832,"y":4.255187629792217}}
{"track":{"f":82,"p":22,"x":0.2350049634038306,"y":4.2078884115464685}}
{"track":{"f":83,"p":22,"x":0.21496878795540095,"y":4.165851331537783}}
{"track":{"f":84,"p":22,"x":0.21872030052993988,"y":4.150267606144386}}
{"track":{"f":85,"p":22,"x":0.21763460926943567,"y":4.12966636676319}}
{"track":{"f":86,"p":22,"x":0.2108581317485783,"y":4.102559687863233}}
{"track":{"f":87,"p":22,"x":0.21060464846676075,"y":4.097627792256895}}
{"track":{"f":88,"p":22,"x":0.04707375154024457,"y":4.165249516916833}}
{"track":{"f":89,"p":22,"x":0.03791864916437854,"y":4.144158749099813}}
{"track":{"f":90,"p":22,"x":0.03991416291134264,"y":4.160326399233129}}
{"track":{"f":91,"p":22,"x":0.07096527622825023,"y":4.212403507845453}}
{"track":{"f":92,"p":22,"x":0.07446955555687136,"y":4.240958726934673}}
{"track":{"f":93,"p":22,"x":0.07822107549818524,"y":4.242440369760227}}
{"track":{"f":94,"p":22,"x":0.07824139775072925,"y":4.243542578391955}}
{"track":{"f":95,"p":22,"x":0.030261930385065285,"y":4.2834386917769685}}
{"track":{"f":96,"p":22,"x":0.016193049741345222,"y":4.242133351964326}}
{"track":{"f":97,"p":22,"x":0.018751441976067807,"y":4.231825425158987}}
{"track":{"f":98,"p":22,"x":0.012366219251873728,"y":4.230109743623514}}
{"track":{"f":99,"p":22,"x":0.04819214919511392,"y":4.313658521854515}}
{"track":{"f":100,"p":22,"x":0.05054417512035989,"y":4.296139487570498}}
{"track":{"f":101,"p":22,"x":0.05052879756546614,"y":4.294832430513102}}
{"track":{"f":102,"p":22,"x":0.038513122039279625,"y":4.295912215704941}}
{"track":{"f":103,"p":22,"x":0.03329983936080295,"y":4.304258219209411}}
{"track":{"f":104,"p":22,"x":0.04592457803746645,"y":4.257041661182568}}
{"track":{"f":105,"p":22,"x":0.043381969686654094,"y":4.2544725303529525}}
{"track":{"f":106,"p":22,"x":-0.007691118105346728,"y":4.436896161858768}}
{"track":{"f":107,"p":22,"x":-0.013613455024116396,"y":4.473008048770761}}
{"track":{"f":108,"p":22,"x":-0.008847201154986896,"y":4.557694301023265}}
{"track":{"f":109,"p":22,"x":-0.01073424951848544,"y":4.589213696638111}}
{"track":{"f":110,"p":22,"x":0.054137316966448,"y":4.854017613522056}}
{"track":{"f":111,"p":22,"x":0.04465451710037692,"y":4.909111898195089}}
{"track":{"f":112,"p":22,"x":0.08214349395201138,"y":4.928609637120683}}
{"track":{"f":113,"p":22,"x":0.07774128928994292,"y":4.943751797903124}}
{"track":{"f":114,"p":22,"x":-0.0026929511625576313,"y":5.066665205481228}}
{"track":{"f":115,"p":22,"x":-0.00270858020420802,"y":5.096070536935361}}
{"track":{"f":116,"p":22,"x":0.0371034621854739,"y":5.12300216168593}}
{"track":{"f":117,"p":22,"x":0.030660463820942365,"y":5.136787119311998}}
{"track":{"f":118,"p":22,"x":0.046021066686655634,"y":5.153842378268503}}
{"track":{"f":119,"p":22,"x":-0.10672035366436038,"y":5.330802026835927}}
{"track":{"f":120,"p":22,"x":-0.06705457579729858,"y":5.351116969621825}}
{"track":{"f":121,"p":22,"x":-0.0688823418588117,"y":5.325756431400496}}
{"track":{"f":122,"p":22,"x":-0.1095062955548331,"y":5.372864300199374}}
{"track":{"f":123,"p":22,"x":-0.11575545826326337,"y":5.357421466436896}}
{"track":{"f":124,"p":22,"x":-0.05537727758648229,"y":5.322630754128109}}
{"track":{"f":125,"p":22,"x":-0.09485075545383308,"y":5.362216651884004}}
{"track":{"f":126,"p":22,"x":-0.09436096966217765,"y":5.336046383009062}}
{"track":{"f":127,"p":22,"x":-0.10129103656063884,"y":5.382267727818751}}
{"track":{"f":128,"p":22,"x":-0.09554505625115893,"y":5.397234066454357}}
{"track":{"f":129,"p":22,"x":-0.03636743610843347,"y":5.711820127314365}}
{"track":{"f":130,"p":22,"x":-0.03721342169952653,"y":5.844689475382107}}
{"track":{"f":131,"p":22,"x":-0.037775022351792524,"y":5.932893711159464}}
{"track":{"f":132,"p":22,"x":-0.06964499563657729,"y":6.044206586172483}}
{"track":{"f":133,"p":22,"x":-0.06842618166182401,"y":6.09419278249766}}
{"track":{"f":134,"p":22,"x":0.9074414136132706,"y":-0.3892427314609134}}
{"track":{"f":135,"p":22,"x":0.9054160556864755,"y":-0.38837396369278576}}
{"track":{"f":136,"p":22,"x":1.0860031714893479,"y":-0.14870246200862683}}
{"track":{"f":137,"p":22,"x":1.0747088865264207,"y":-0.050647332108399265}}
{"track":{"f":138,"p":22,"x":1.0728253244599475,"y":0.4136814451117561}}
{"track":{"f":139,"p":22,"x":1.0662791507524183,"y":0.4111572405301325}}
{"track":{"f":140,"p":22,"x":1.0856356530373787,"y":-0.06536036442127542}}
{"track":{"f":141,"p":22,"x":1.110996014769102,"y":-0.06688717728892857}}
{"track":{"f":142,"p":22,"x":1.129548126757488,"y":-0.06811345487984839}}
{"track":{"f":143,"p":22,"x":1.1798006891997677,"y":0.5660720961097923}}
{"track":{"f":144,"p":22,"x":1.1827825490908896,"y":0.565647080497176}}
{"track":{"f":145,"p":22,"x":0.9994548384127183,"y":0.6079951857740054}}
{"track":{"f":146,"p":22,"x":0.9979977845477718,"y":0.6035441451813628}}
{"track":{"f":147,"p":22,"x":0.888296083454593,"y":1.0904545491878488}}
{"track":{"f":148,"p":22,"x":0.8765784211264346,"y":1.0742810169360453}}
{"track":{"f":149,"p":22,"x":0.8524647286583246,"y":1.1013011552371235}}
{"track":{"f":150,"p":22,"x":0.7778120505917606,"y":1.2469719090057}}
{"track":{"f":151,"p":22,"x":0.7737203945632025,"y":1.2393913238586933}}
{"track":{"f":152,"p":22,"x":0.6705897366562201,"y":2.322131187016312}}
{"track":{"f":153,"p":22,"x":0.6906308835663383,"y":2.3897081158323457}}
{"track":{"f":154,"p":22,"x":0.7246853087822851,"y":2.9100340859529923}}
{"track":{"f":155,"p":22,"x":0.7316849217076205,"y":2.9480067384862974}}
{"track":{"f":156,"p":22,"x":0.7377015635350874,"y":3.774590029209829}}
{"track":{"f":157,"p":22,"x":0.7539036197963137,"y":3.857490924421791}}
{"track":{"f":158,"p":22,"x":0.3807808200519329,"y":4.621911921633887}}
{"track":{"f":159,"p":22,"x":0.38179223565213405,"y":4.634188469122961}}
{"track":{"f":160,"p":22,"x":0.7052760900810455,"y":4.176260019566364}}
{"track":{"f":161,"p":22,"x":0.7102227832957544,"y":4.2034112024742685}}
{"track":{"f":162,"p":22,"x":0.9191240071558658,"y":5.415135250642461}}
{"track":{"f":163,"p":22,"x":0.9381592169317993,"y":5.527283594781563}}
{"track":{"f":164,"p":22,"x":0.960295797195575,"y":5.657812388882464}}
{"track":{"f":165,"p":22,"x":0.7694090672930984,"y":5.9052618524737515}}
{"track":{"f":166,"p":22,"x":0.9215608164301454,"y":6.19103542978052}}
{"track":{"f":167,"p":22,"x":0.9308940111685634,