{"track":{"f":66,"p":14,"x":0.21198386065757607,"y":1.855017293112208}}
{"track":{"f":67,"p":14,"x":0.20084045198048678,"y":1.8522177296832218}}
{"track":{"f":70,"p":14,"x":0.23007805594807879,"y":1.8794475653733826}}
{"track":{"f":71,"p":14,"x":0.23136046461797208,"y":1.8899232269592436}}
{"track":{"f":72,"p":14,"x":0.30147125738384734,"y":1.904400347175836}}
{"track":{"f":73,"p":14,"x":0.3012852365078274,"y":1.9032252493441273}}
{"track":{"f":74,"p":14,"x":0.15591702445207903,"y":1.9207806204800717}}
{"track":{"f":75,"p":14,"x":0.15593266712757048,"y":1.92097332649176}}
{"track":{"f":76,"p":14,"x":0.19283941785910555,"y":1.9116068185542137}}
{"track":{"f":77,"p":14,"x":0.2125062963888495,"y":1.914280856517}}
{"track":{"f":78,"p":14,"x":0.17842976860456042,"y":1.931763132389929}}
{"track":{"f":79,"p":14,"x":0.18495018948686978,"y":1.9410091246814207}}
{"track":{"f":80,"p":14,"x":0.19336837393594775,"y":1.9491603249458869}}
{"track":{"f":81,"p":14,"x":0.19353405384773487,"y":1.9508303845534782}}
{"track":{"f":82,"p":14,"x":0.20983165874016999,"y":1.9326514998535624}}
{"track":{"f":83,"p":14,"x":0.21005397142108212,"y":1.9346991076301052}}
{"track":{"f":84,"p":14,"x":0.19310852951655305,"y":1.9314208443045684}}
{"track":{"f":85,"p":14,"x":0.192956480614841,"y":1.929900091084318}}
{"track":{"f":86,"p":14,"x":0.21428786044742376,"y":1.8935026733102762}}
{"track":{"f":87,"p":14,"x":0.212792200872809,"y":1.8802866404609033}}
{"track":{"f":88,"p":14,"x":0.18125837398387265,"y":1.8890162662100902}}
{"track":{"f":89,"p":14,"x":0.18124717885116884,"y":1.8888995941506708}}
{"track":{"f":90,"p":14,"x":0.21643091823666682,"y":1.8914114071217005}}
{"track":{"f":91,"p":14,"x":0.22069815137722368,"y":1.8866079324203295}}
{"track":{"f":92,"p":14,"x":0.2246398569460153,"y":1.8830105655768934}}
{"track":{"f":93,"p":14,"x":0.20422715127088023,"y":1.8987073893339386}}
{"track":{"f":94,"p":14,"x":0.2034342823519446,"y":1.8981531557747169}}
{"track":{"f":95,"p":14,"x":0.19400797437659745,"y":1.9203111586991646}}
{"track":{"f":96,"p":14,"x":0.19058665056874086,"y":1.9302260534691045}}
{"track":{"f":97,"p":14,"x":0.26186188069252125,"y":1.9369466095669032}}
{"track":{"f":98,"p":14,"x":0.2786796605041857,"y":1.94623765140703}}
{"track":{"f":99,"p":14,"x":0.2792568692423021,"y":1.9502687506871514}}
{"track":{"f":100,"p":14,"x":0.2979374645183659,"y":2.0174879643153565}}
{"track":{"f":101,"p":14,"x":0.29935229713026873,"y":2.0270685243521713}}
{"track":{"f":102,"p":14,"x":0.29964387572846857,"y":2.029042953158805}}
{"track":{"f":103,"p":14,"x":0.2542999227029218,"y":2.0387395193686206}}
{"track":{"f":104,"p":14,"x":0.2874911069324686,"y":2.051662562569025}}
{"track":{"f":105,"p":14,"x":0.23438256445001945,"y":2.1274725080847903}}
{"track":{"f":106,"p":14,"x":0.23699759155551298,"y":2.126265973911989}}
{"track":{"f":107,"p":14,"x":0.24851808966629524,"y":2.112938209668169}}
{"track":{"f":108,"p":14,"x":0.24106112737807855,"y":2.122952937815621}}
{"track":{"f":109,"p":14,"x":0.22885842485583835,"y":2.161382456609317}}
{"track":{"f":110,"p":14,"x":0.23122040454295031,"y":2.183689441645183}}
{"track":{"f":111,"p":14,"x":0.23304812625354118,"y":2.2009507928203633}}
{"track":{"f":112,"p":14,"x":0.24703780010342724,"y":2.2109522995845516}}
{"track":{"f":113,"p":14,"x":0.24168623504925274,"y":2.2128678200708563}}
{"track":{"f":114,"p":14,"x":0.21466491014941697,"y":2.2030078614096866}}
{"track":{"f":115,"p":14,"x":0.186402784613051,"y":2.206763501130968}}
{"track":{"f":116,"p":14,"x":0.22173838470535703,"y":2.2281217833589144}}
{"track":{"f":117,"p":14,"x":0.21697391426089718,"y":2.2275988530785424}}
{"track":{"f":118,"p":14,"x":0.1055385302694742,"y":2.213725073706483}}
{"track":{"f":119,"p":14,"x":0.10711029418928181,"y":2.207714701795474}}
{"track":{"f":120,"p":14,"x":0.09492748648969944,"y":2.1985415655514915}}
{"track":{"f":121,"p":14,"x":0.09437820782143959,"y":2.1858201502070425}}
{"track":{"f":122,"p":14,"x":0.10189456386191924,"y":2.1758025571183333}}
{"track":{"f":123,"p":14,"x":0.1295712748470537,"y":2.1614586735153476}}
{"track":{"f":124,"p":14,"x":0.1296690770761448,"y":2.163090173063434}}
{"track":{"f":125,"p":14,"x":0.141536254898098,"y":2.159872134694955}}
{"track":{"f":126,"p":14,"x":0.14175815021499427,"y":2.1632583025155503}}
{"track":{"f":127,"p":14,"x":0.11850692666710298,"y":2.174205374889214}}
{"track":{"f":128,"p":14,"x":0.1263431184490945,"y":2.1734116817868774}}
{"track":{"f":129,"p":14,"x":0.13902707086763585,"y":2.14183179248746}}
{"track":{"f":130,"p":14,"x":0.13662277301834336,"y":2.133161512775594}}
{"track":{"f":131,"p":14,"x":0.11779357956575569,"y":2.1071962566762985}}
{"track":{"f":132,"p":14,"x":0.1177369409984216,"y":2.1061830556384322}}
{"track":{"f":133,"p":14,"x":0.13754274363001523,"y":2.115927829032558}}
{"track":{"f":134,"p":14,"x":0.1377120941406979,"y":2.1185330806725746}}
{"track":{"f":135,"p":14,"x":0.13776540791248784,"y":2.119353248210489}}
{"track":{"f":136,"p":14,"x":0.13789550001682646,"y":2.1213545570156116}}
{"track":{"f":137,"p":14,"x":0.1012911338487454,"y":2.1437956444788373}}
{"track":{"f":138,"p":14,"x":0.09165014466813426,"y":2.1478425095024387}}
{"track":{"f":139,"p":14,"x":0.119571786443275,"y":2.146456357471334}}
{"track":{"f":140,"p":14,"x":0.12025879672009528,"y":2.158789012357515}}
{"track":{"f":141,"p":14,"x":0.12045609904332541,"y":2.1623308246749398}}
{"track":{"f":142,"p":14,"x":0.14621348367376194,"y":2.1395435754087693}}
{"track":{"f":143,"p":14,"x":0.15077701571895,"y":2.123207516069574}}
{"track":{"f":144,"p":14,"x":0.1700772893815558,"y":2.1170622227570606}}
{"track":{"f":145,"p":14,"x":0.17005873004299094,"y":2.1168312026443927}}
{"track":{"f":146,"p":14,"x":0.1568605622495133,"y":2.095592648408735}}
{"track":{"f":147,"p":14,"x":0.12958805919207003,"y":2.08427587027581}}
{"track":{"f":148,"p":14,"x":0.14992179304389952,"y":2.092316611261095}}
{"track":{"f":149,"p":14,"x":0.14928114406845705,"y":2.0984316918240835}}
{"track":{"f":150,"p":14,"x":0.20742722345265402,"y":2.0744087896440204}}
{"track":{"f":151,"p":14,"x":0.16591551723322753,"y":2.09470053094865}}
{"track":{"f":152,"p":14,"x":0.16215291773609894,"y":2.0990934667272216}}
{"track":{"f":153,"p":14,"x":0.14604045372165064,"y":2.1116805312031337}}
{"track":{"f":154,"p":14,"x":0.14474057327489173,"y":2.1097570967296013}}
{"track":{"f":155,"p":14,"x":0.14431710695102953,"y":2.1137176274169107}}
{"track":{"f":156,"p":14,"x":0.14472045925001456,"y":2.1196252629178964}}
{"track":{"f":157,"p":14,"x":0.15324887140750812,"y":2.12142926221787}}
{"track":{"f":158,"p":14,"x":0.14807688804846986,"y":2.1237091750435386}}
{"track":{"f":159,"p":14,"x":0.15602407135205187,"y":2.1444700672844403}}
{"track":{"f":160,"p":14,"x":0.1374658874585846,"y":2.1514918401287346}}
{"track":{"f":161,"p":14,"x":0.12039437418814192,"y":2.1533695523650973}}
{"track":{"f":162,"p":14,"x":0.1035975861520458,"y":2.1601918780799707}}
