{"track":{"f":99,"p":4,"x":0.14545265750868158,"y":5.336294372349757}}
{"track":{"f":100,"p":4,"x":0.2327835719665494,"y":5.043910707123995}}
{"track":{"f":101,"p":4,"x":0.23265584913918674,"y":5.041143232894452}}
{"track":{"f":102,"p":4,"x":0.28972556396501087,"y":5.116578874145248}}
{"track":{"f":103,"p":4,"x":0.4721344743870418,"y":5.20271261736542}}
{"track":{"f":104,"p":4,"x":0.2620752182172767,"y":5.034811079034551}}
{"track":{"f":105,"p":4,"x":0.25847932152346953,"y":4.912527324998248}}
{"track":{"f":106,"p":4,"x":0.01972904065912508,"y":5.033940605101371}}
{"track":{"f":107,"p":4,"x":0.052531188707728896,"y":5.291389852801255}}
{"track":{"f":108,"p":4,"x":0.0629118905277497,"y":5.284598804330972}}
{"track":{"f":109,"p":4,"x":0.004263652595962406,"y":5.279254644320672}}
{"track":{"f":110,"p":4,"x":-0.006668449536640967,"y":5.263923080461273}}
{"track":{"f":111,"p":4,"x":0.0028035030395711685,"y":5.233999999727501}}
{"track":{"f":112,"p":4,"x":-0.0006893426635984044,"y":5.177239140689872}}
{"track":{"f":113,"p":4,"x":0.016068538089123258,"y":5.1881621628578225}}
{"track":{"f":114,"p":4,"x":0.04908959801702499,"y":5.187090786753865}}
{"track":{"f":115,"p":4,"x":0.0207102109240934,"y":5.310778117714165}}
{"track":{"f":116,"p":4,"x":0.12082962413724462,"y":5.438048760159048}}
{"track":{"f":117,"p":4,"x":0.12090615968553806,"y":5.482316232790681}}
{"track":{"f":118,"p":4,"x":0.035863796271362706,"y":5.595800867346378}}
{"track":{"f":119,"p":4,"x":0.03614651987024816,"y":5.639914015544387}}
{"track":{"f":120,"p":4,"x":-0.038127388877561764,"y":5.751082887915184}}
{"track":{"f":121,"p":4,"x":-0.15769492159602036,"y":5.782969936337622}}
{"track":{"f":122,"p":4,"x":-0.16277742408599838,"y":5.7787869548493385}}
{"track":{"f":123,"p":4,"x":-0.20130224375875408,"y":5.9912237545935625}}
{"track":{"f":124,"p":4,"x":-0.15443562050162357,"y":6.077926772073778}}
{"track":{"f":125,"p":4,"x":-0.15192510522869362,"y":6.041197626424071}}
{"track":{"f":126,"p":4,"x":-0.14759789807727922,"y":6.196057969630335}}
{"track":{"f":127,"p":4,"x":-0.14714051668988457,"y":6.176857414422945}}
{"track":{"f":128,"p":4,"x":-0.13771482763284787,"y":6.116198738437277}}
{"track":{"f":129,"p":4,"x":-0.1544243821961264,"y":6.205089489353058}}
{"track":{"f":130,"p":4,"x":0.04005516675754026,"y":6.005506223302178}}
{"track":{"f":131,"p":4,"x":-0.16349232359873253,"y":6.362680877111454}}
{"track":{"f":132,"p":4,"x":-0.16614487600198713,"y":6.465911072145849}}
{"track":{"f":133,"p":4,"x":-0.14186557319084106,"y":6.5597697324519855}}
{"track":{"f":134,"p":4,"x":-0.0931134056229425,"y":6.864143109408215}}
{"track":{"f":135,"p":4,"x":-0.09478425341100996,"y":6.8599833519392135}}
{"track":{"f":136,"p":4,"x":-0.10148437829707686,"y":6.956370367808872}}
{"track":{"f":137,"p":4,"x":-0.09878451480823655,"y":7.001919903557554}}
{"track":{"f":138,"p":4,"x":-0.15735073594282,"y":7.200344483830413}}
{"track":{"f":139,"p":4,"x":-0.15813743393991894,"y":7.2363436582220135}}
{"track":{"f":140,"p":4,"x":-0.17548975355169608,"y":7.294693394239259}}
{"track":{"f":141,"p":4,"x":-0.19703555277084792,"y":7.390630061722581}}
{"track":{"f":142,"p":4,"x":-0.19290674815221623,"y":7.390910670543734}}
{"track":{"f":143,"p":4,"x":-0.19290481574490867,"y":7.390836633476976}}
{"track":{"f":144,"p":4,"x":-0.03959031706882563,"y":7.668444889434623}}
{"track":{"f":145,"p":4,"x":-0.0398957048540823,"y":7.727596964349179}}
{"track":{"f":146,"p":4,"x":-0.036902250355444394,"y":7.941343249568345}}
{"track":{"f":147,"p":4,"x":-0.09637322924557051,"y":8.275303880551093}}
{"track":{"f":148,"p":4,"x":-0.09709010470706632,"y":8.336860002877074}}
{"track":{"f":149,"p":4,"x":-0.0740823242876081,"y":8.550017858831016}}
{"track":{"f":150,"p":4,"x":-0.017310697781641453,"y":8.72164999474253}}
{"track":{"f":151,"p":4,"x":-0.02414547970134273,"y":8.603763337730305}}
{"track":{"f":152,"p":4,"x":-0.023857363904965623,"y":8.501098981645836}}
{"track":{"f":153,"p":4,"x":-0.03957439631049104,"y":8.728730234743821}}
{"track":{"f":154,"p":4,"x":-0.07210462625980589,"y":8.683060954594303}}
{"track":{"f":155,"p":4,"x":-0.08031920429101468,"y":8.676328475072651}}
{"track":{"f":156,"p":4,"x":-0.07416443206350823,"y":8.671219079915366}}
{"track":{"f":157,"p":4,"x":-0.0404616702328189,"y":8.537197197474624}}
{"track":{"f":158,"p":4,"x":-0.029058203958984334,"y":8.418486887034266}}
{"track":{"f":159,"p":4,"x":-0.03949631606463223,"y":8.333512602849831}}
{"track":{"f":160,"p":4,"x":-0.09971925866306813,"y":8.289985238389491}}
{"track":{"f":161,"p":4,"x":-0.0899286769274377,"y":8.265764722556508}}
{"track":{"f":162,"p":4,"x":-0.09089626222228336,"y":8.218270596268319}}
{"track":{"f":163,"p":4,"x":-0.07686793579638805,"y":8.13305893034449}}
{"track":{"f":164,"p":4,"x":0.008833833204097145,"y":7.961492175192547}}
{"track":{"f":165,"p":4,"x":0.04752177850695664,"y":7.746177643350342}}
{"track":{"f":166,"p":4,"x":0.046520458636673534,"y":7.582959812774135}}
{"track":{"f":167,"p":4,"x":0.15319865721059248,"y":7.4085647755277675}}
{"track":{"f":168,"p":4,"x":0.1525416040933081,"y":7.378594103097296}}
{"track":{"f":169,"p":4,"x":0.14650389659820168,"y":7.445357621867398}}
{"track":{"f":170,"p":4,"x":0.29012133417277575,"y":7.395458836277051}}
{"track":{"f":188,"p":4,"x":-0.031247335364075233,"y":7.3336549210534105}}
{"track":{"f":189,"p":4,"x":-0.017362026730374243,"y":7.364001968162326}}
{"track":{"f":194,"p":4,"x":0.03316224076678848,"y":7.494331441165236}}
{"track":{"f":195,"p":4,"x":0.0338879795203353,"y":7.536617486180688}}
{"track":{"f":196,"p":4,"x":0.0360733927722471,"y":7.7649746245829165}}
{"track":{"f":197,"p":4,"x":0.10051928470924094,"y":7.932804934160725}}
{"track":{"f":198,"p":4,"x":0.17390937736820516,"y":8.068267919475852}}
{"track":{"f":204,"p":4,"x":0.036742009499466065,"y":7.966041883655069}}
{"track":{"f":205,"p":4,"x":0.035207576382953874,"y":7.915411544492322}}
{"track":{"f":206,"p":4,"x":0.07300181924409219,"y":7.7764991708319595}}
{"track":{"f":207,"p":4,"x":0.08703738483373273,"y":7.500070874236892}}
{"track":{"f":208,"p":4,"x":0.08444893137811044,"y":7.277022072748702}}
{"track":{"f":219,"p":4,"x":0.22283090045384807,"y":7.353419714976986}}
{"track":{"f":220,"p":4,"x":0.219552804796953,"y":7.416319609840054}}
