{"track":{"f":0,"p":19,"x":-0.15936688862020618,"y":7.153329784595807}}
{"track":{"f":1,"p":19,"x":-0.15898816349227254,"y":7.136330357918921}}
{"track":{"f":2,"p":19,"x":-0.15897236583120022,"y":7.135621265331035}}
{"track":{"f":3,"p":19,"x":-0.16474664060656075,"y":7.19704690088142}}
{"track":{"f":4,"p":19,"x":-0.1652336917850829,"y":7.2183239974100495}}
{"track":{"f":5,"p":19,"x":-0.16638041421231556,"y":7.268419192436184}}
{"track":{"f":6,"p":19,"x":-0.1649577172451027,"y":7.273367936493267}}
{"track":{"f":7,"p":19,"x":-0.16462295863563875,"y":7.258607653814755}}
{"track":{"f":8,"p":19,"x":-0.16460266456661246,"y":7.257712841292964}}
{"track":{"f":9,"p":19,"x":-0.15022435164435194,"y":7.2561214827979486}}
{"track":{"f":10,"p":19,"x":-0.15062766501138478,"y":7.27875885627051}}
{"track":{"f":11,"p":19,"x":-0.16134602569350248,"y":7.315206326591927}}
{"track":{"f":12,"p":19,"x":-0.15765132745108834,"y":7.355090073703059}}
{"track":{"f":13,"p":19,"x":-0.15795598676414443,"y":7.369303697689291}}
{"track":{"f":14,"p":19,"x":-0.16152575284304235,"y":7.457989063777079}}
{"track":{"f":15,"p":19,"x":-0.16317366067711117,"y":7.534076488774503}}
{"track":{"f":16,"p":19,"x":-0.1677435495375838,"y":7.453048716797943}}
{"track":{"f":17,"p":19,"x":-0.16591100694563535,"y":7.371626633796547}}
{"track":{"f":18,"p":19,"x":-0.161265589453879,"y":7.3745142390117175}}
{"track":{"f":19,"p":19,"x":-0.15937146361701365,"y":7.369566559664147}}
{"track":{"f":20,"p":19,"x":-0.14160216152424296,"y":7.396130067596724}}
{"track":{"f":21,"p":19,"x":-0.14138159080276846,"y":7.3846092706853765}}
{"track":{"f":22,"p":19,"x":-0.16173377978897044,"y":7.334365415860295}}
{"track":{"f":23,"p":19,"x":-0.1629870782564007,"y":7.311386673438058}}
{"track":{"f":24,"p":19,"x":-0.1550738366284382,"y":7.311805241714968}}
{"track":{"f":25,"p":19,"x":-0.156247199196824,"y":7.293041801857033}}
{"track":{"f":26,"p":19,"x":-0.1513532778039488,"y":7.310650760305081}}
{"track":{"f":27,"p":19,"x":-0.15154995367804414,"y":7.320150578540604}}
{"track":{"f":28,"p":19,"x":-0.15722334242505673,"y":7.2686689496746535}}
{"track":{"f":29,"p":19,"x":-0.16482982658639012,"y":7.231029581181196}}
{"track":{"f":30,"p":19,"x":-0.1645644206776211,"y":7.219386312380431}}
{"track":{"f":31,"p":19,"x":-0.1679860331416036,"y":7.1604640804711055}}
{"track":{"f":32,"p":19,"x":-0.1671466681675564,"y":7.1246858515632026}}
{"track":{"f":33,"p":19,"x":-0.1660600538320657,"y":7.144565479976396}}
{"track":{"f":34,"p":19,"x":-0.16599145003948246,"y":7.1416138713446085}}
{"track":{"f":35,"p":19,"x":-0.15407274741953134,"y":7.19619475848232}}
{"track":{"f":36,"p":19,"x":-0.15454347578142072,"y":7.218180820438323}}
{"track":{"f":37,"p":19,"x":-0.1552064116846884,"y":7.249144218912127}}
{"track":{"f":38,"p":19,"x":-0.17073511172803663,"y":7.285701092335506}}
{"track":{"f":39,"p":19,"x":-0.1712235961948366,"y":7.306545965878698}}
{"track":{"f":40,"p":19,"x":-0.1686705851548165,"y":7.335993682710184}}
{"track":{"f":41,"p":19,"x":-0.16795958423860075,"y":7.375239396167287}}
{"track":{"f":42,"p":19,"x":-0.1683810788922489,"y":7.412161043684759}}
{"track":{"f":43,"p":19,"x":-0.16914266366958874,"y":7.445686122958507}}
{"track":{"f":44,"p":19,"x":-0.16969371643622155,"y":7.518798838683581}}
{"track":{"f":45,"p":19,"x":-0.17064869541045286,"y":7.5611121013854214}}
{"track":{"f":46,"p":19,"x":-0.1703145049541791,"y":7.640085429694388}}
{"track":{"f":47,"p":19,"x":-0.17291775969529802,"y":7.682945129999543}}
{"track":{"f":48,"p":19,"x":-0.1722798595890474,"y":7.728248662262741}}
{"track":{"f":49,"p":19,"x":-0.17581802425558662,"y":7.713078152336989}}
{"track":{"f":50,"p":19,"x":-0.16303321709937815,"y":7.714848957711619}}
{"track":{"f":51,"p":19,"x":-0.16251667632787278,"y":7.6887379704393295}}
{"track":{"f":52,"p":19,"x":-0.16739994723455834,"y":7.739148525105335}}
{"track":{"f":53,"p":19,"x":-0.16810936428654352,"y":7.7719459304943745}}
{"track":{"f":54,"p":19,"x":-0.1724531408601801,"y":7.8094991244175285}}
{"track":{"f":55,"p":19,"x":-0.17342176048693406,"y":7.853362831911043}}
{"track":{"f":56,"p":19,"x":-0.17409844097942032,"y":7.8840061457250075}}
{"track":{"f":57,"p":19,"x":-0.1680785170500182,"y":7.767172889339426}}
{"track":{"f":58,"p":19,"x":-0.16605821567989462,"y":7.675464931095964}}
{"track":{"f":59,"p":19,"x":-0.16447389354662142,"y":7.6022351368114185}}
{"track":{"f":60,"p":19,"x":-0.1631391320710284,"y":7.540540418152987}}
{"track":{"f":61,"p":19,"x":-0.16629083827709915,"y":7.530440729847704}}
{"track":{"f":62,"p":19,"x":-0.16459904292815183,"y":7.5362630190948625}}
{"track":{"f":63,"p":19,"x":-0.14954817906721093,"y":7.566804837715963}}
{"track":{"f":64,"p":19,"x":-0.15030418379138297,"y":7.6067305262549265}}
{"track":{"f":65,"p":19,"x":-0.16230325366099854,"y":7.509984651975438}}
{"track":{"f":66,"p":19,"x":-0.16089828553473204,"y":7.4449749320420695}}
{"track":{"f":67,"p":19,"x":-0.13994425888568518,"y":7.4174534245360295}}
{"track":{"f":68,"p":19,"x":-0.13789654397437395,"y":7.39509594299713}}
{"track":{"f":69,"p":19,"x":-0.1442526176515562,"y":7.368980795155749}}
{"track":{"f":70,"p":19,"x":-0.15643635784816234,"y":7.291182596249306}}
{"track":{"f":71,"p":19,"x":-0.15514021857155366,"y":7.2323441982597005}}
{"track":{"f":72,"p":19,"x":-0.10621914584069196,"y":7.247912820693498}}
{"track":{"f":73,"p":19,"x":-0.10967282217131362,"y":7.25850607564073}}
{"track":{"f":74,"p":19,"x":-0.12421658485888716,"y":7.210203550973687}}
{"track":{"f":75,"p":19,"x":-0.12360562987859157,"y":7.22748460083542}}
{"track":{"f":76,"p":19,"x":-0.12353245285901797,"y":7.223205784549924}}
{"track":{"f":77,"p":19,"x":-0.10130454411411605,"y":7.218412994656762}}
{"track":{"f":78,"p":19,"x":-0.10264230673962049,"y":7.198126016124806}}
{"track":{"f":79,"p":19,"x":-0.10481301146085216,"y":7.213266627831492}}
{"track":{"f":80,"p":19,"x":-0.07957908139619506,"y":7.291594641875152}}
{"track":{"f":81,"p":19,"x":-0.08760696255694352,"y":7.369240215281821}}
{"track":{"f":82,"p":19,"x":-0.08415474216929779,"y":7.372653974795567}}
{"track":{"f":83,"p":19,"x":-0.08394718042026951,"y":7.354469842629736}}
{"track":{"f":84,"p":19,"x":-0.09417536331141883,"y":7.417957398168501}}
{"track":{"f":85,"p":19,"x":-0.09950358059743952,"y":7.415309709474786}}
{"track":{"f":86,"p":19,"x":-0.09988686803266643,"y":7.379591127698795}}
{"track":{"f":87,"p":19,"x":-0.1068472765880833,"y":7.348244754378308}}
{"track":{"f":88,"p":19,"x":-0.10386958626023787,"y":7.418091154279711}}
{"track":{"f":89,"p":19,"x":-0.10343845566855434,"y":7.385591221061775}}
{"track":{"f":90,"p":19,"x":-0.10812375500514895,"y":7.421733617895224}}
{"track":{"f":91,"p":19,"x":-0.7091662305240952,"y":5.930637945533363}}
{"track":{"f":92,"p":19,"x":-0.7106303136689546,"y":5.94288182670055}}
{"track":{"f":93,"p":19,"x":-0.7107980229517581,"y":5.946932876703506}}
{"track":{"f":94,"p":19,"x":-0.7133867175542947,"y":5.946434156579023}}
{"track":{"f":95,"p":19,"x":-0.7220496715352381,"y":6.004651960858829}}
{"track":{"f":96,"p":19,"x":-0.7220937898095939,"y":6.0050188537376235}}
{"track":{"f":97,"p":19,"x":-0.14258486880976884,"y":8.41094303758689}}
{"track":{"f":98,"p":19,"x":-0.7414464936980405,"y":5.79105519591484}}
{"track":{"f":99,"p":19,"x":-0.13904398642750532,"y":8.202069822156519}}
{"track":{"f":100,"p":19,"x":-0.14433929469677514,"y":8.028859138759618}}
{"track":{"f":101,"p":19,"x":-0.13441247720842697,"y":7.8998634172656}}
{"track":{"f":102,"p":19,"x":-0.13294901413361157,"y":7.812097222907918}}
{"track":{"f":103,"p":19,"x":-0.1628220981369033,"y":7.700237408737769}}
{"track":{"f":104,"p":19,"x":-0.15902168963792365,"y":7.597206626990314}}
{"track":{"f":105,"p":19,"x":-0.13926848201007694,"y":7.512270780140718}}
{"track":{"f":106,"p":19,"x":-0.13885156278796207,"y":7.489781771538275}}
{"track":{"f":107,"p":19,"x":-0.14581642992313693,"y":7.645185901715165}}
{"track":{"f":108,"p":19,