{"track":{"f":36,"p":10,"x":0.13690858773721526,"y":1.9918720833432204}}
{"track":{"f":37,"p":10,"x":0.13690858773721526,"y":1.9918720833432204}}
{"track":{"f":38,"p":10,"x":0.14729646992022175,"y":1.9919754771315117}}
{"track":{"f":39,"p":10,"x":0.15998712767574116,"y":1.9872085332355216}}
{"track":{"f":40,"p":10,"x":0.15831679325348122,"y":1.971058442321018}}
{"track":{"f":41,"p":10,"x":0.1560346673391745,"y":2.0422619631400276}}
{"track":{"f":42,"p":10,"x":0.1903160678035796,"y":2.0367784173062256}}
{"track":{"f":43,"p":10,"x":0.19099315112325957,"y":2.0440246194170513}}
{"track":{"f":44,"p":10,"x":0.08836717766529266,"y":2.0726758689763893}}
{"track":{"f":45,"p":10,"x":0.08019121823111382,"y":2.089474852570534}}
{"track":{"f":46,"p":10,"x":0.06452395488437279,"y":2.099837624126262}}
{"track":{"f":47,"p":10,"x":0.06480964669147378,"y":2.1091350456270117}}
{"track":{"f":48,"p":10,"x":0.14521704936379295,"y":2.2427812990229183}}
{"track":{"f":49,"p":10,"x":0.1460009910253102,"y":2.25488875958405}}
{"track":{"f":50,"p":10,"x":0.13585298594677467,"y":2.260350697073777}}
{"track":{"f":51,"p":10,"x":0.10333677271894437,"y":2.3615071701071204}}
{"track":{"f":52,"p":10,"x":0.10060869434081761,"y":2.356137258292137}}
{"track":{"f":53,"p":10,"x":0.14354114180928063,"y":2.732298352094583}}
{"track":{"f":54,"p":10,"x":0.1463010589255727,"y":2.7848332343848594}}
{"track":{"f":55,"p":10,"x":0.14853636864640854,"y":2.8273822415174314}}
{"track":{"f":56,"p":10,"x":0.2583416896831314,"y":2.8041375779543407}}
{"track":{"f":57,"p":10,"x":0.20204276742829128,"y":2.8056986311885685}}
{"track":{"f":58,"p":10,"x":0.1939851190511635,"y":2.77141870890214}}
{"track":{"f":59,"p":10,"x":0.23156382135040102,"y":2.7275323607310336}}
{"track":{"f":60,"p":10,"x":0.22721380185997944,"y":2.6762945686582307}}
{"track":{"f":61,"p":10,"x":0.23924009227889637,"y":2.7979507037222104}}
{"track":{"f":62,"p":10,"x":0.23955435851804166,"y":2.801626097075378}}
{"track":{"f":63,"p":10,"x":0.16841104399513038,"y":2.834994491274594}}
{"track":{"f":64,"p":10,"x":0.1541346638005474,"y":3.1513622448195266}}
{"track":{"f":65,"p":10,"x":0.12779172674228828,"y":3.2251498239519276}}
{"track":{"f":66,"p":10,"x":0.16002453785013274,"y":3.271783740211529}}
{"track":{"f":67,"p":10,"x":0.17839337656619147,"y":3.2929409423300444}}
{"track":{"f":68,"p":10,"x":0.15334489222504222,"y":3.394277019171769}}
{"track":{"f":69,"p":10,"x":0.15421283231237137,"y":3.391952597154603}}
{"track":{"f":70,"p":10,"x":0.20336190636918922,"y":3.3801440393202387}}
{"track":{"f":71,"p":10,"x":0.20261085722775662,"y":3.367660608554001}}
{"track":{"f":72,"p":10,"x":0.19083707603643263,"y":3.359221864077207}}
{"track":{"f":73,"p":10,"x":0.19964109776471556,"y":3.3511537239886606}}
{"track":{"f":74,"p":10,"x":0.19745156783374915,"y":3.623255615102123}}
{"track":{"f":75,"p":10,"x":0.19874446676073354,"y":3.6870706156945077}}
{"track":{"f":76,"p":10,"x":0.21064443020731097,"y":3.804903602481534}}
{"track":{"f":77,"p":10,"x":0.21418473149628584,"y":3.868852623659226}}
{"track":{"f":78,"p":10,"x":0.2166140224223896,"y":3.9127332892296875}}
{"track":{"f":79,"p":10,"x":0.192659594467149,"y":4.009947972886221}}
{"track":{"f":80,"p":10,"x":0.19200148756285118,"y":3.996250370884464}}
{"track":{"f":81,"p":10,"x":0.09462779804557157,"y":4.111325397985433}}
{"track":{"f":82,"p":10,"x":0.12781808952312682,"y":4.155700145746868}}
{"track":{"f":83,"p":10,"x":0.12678862097635704,"y":4.124276474060389}}
{"track":{"f":84,"p":10,"x":0.19289815737743557,"y":4.166243216642324}}
{"track":{"f":85,"p":10,"x":0.1929771409156384,"y":4.167949114898368}}
{"track":{"f":86,"p":10,"x":0.1920884050387998,"y":4.417075268984471}}
{"track":{"f":87,"p":10,"x":0.19079042765242868,"y":4.385325116390112}}
{"track":{"f":88,"p":10,"x":0.19006236232573273,"y":4.3647987397946935}}
{"track":{"f":89,"p":10,"x":0.2077135240482856,"y":4.38401422726154}}
{"track":{"f":90,"p":10,"x":0.2064772767596094,"y":4.359775809558823}}
{"track":{"f":91,"p":10,"x":0.11284796979457591,"y":4.605083164075763}}
{"track":{"f":92,"p":10,"x":0.08251146781814368,"y":4.64418327279982}}
{"track":{"f":93,"p":10,"x":0.08963877922412174,"y":4.663478321520537}}
{"track":{"f":94,"p":10,"x":0.1874726185483367,"y":4.846889187380042}}
{"track":{"f":95,"p":10,"x":0.18823650840459266,"y":4.815911503625513}}
{"track":{"f":96,"p":10,"x":0.17414365249475253,"y":4.841312004423844}}
{"track":{"f":97,"p":10,"x":0.17361458154901355,"y":4.826603472220094}}
{"track":{"f":98,"p":10,"x":0.23565848931708178,"y":5.1637911945600825}}
{"track":{"f":99,"p":10,"x":0.24033338365073448,"y":5.176636908243172}}
{"track":{"f":100,"p":10,"x":0.184419665066202,"y":5.363548763292024}}
{"track":{"f":101,"p":10,"x":0.1847710384692699,"y":5.444512543699374}}
{"track":{"f":102,"p":10,"x":0.18694420512481344,"y":5.510545717797356}}
{"track":{"f":103,"p":10,"x":0.22787198599671285,"y":5.857095805584472}}
{"track":{"f":104,"p":10,"x":0.2276959464728811,"y":5.8525709827891585}}
{"track":{"f":105,"p":10,"x":0.17165850006947886,"y":5.944267804953719}}
{"track":{"f":106,"p":10,"x":0.17494733678680313,"y":5.990324135044291}}
{"track":{"f":107,"p":10,"x":0.16565240847232043,"y":6.200080492547955}}
{"track":{"f":108,"p":10,"x":0.16535456983350327,"y":6.188932912192877}}
{"track":{"f":109,"p":10,"x":0.164945977824596,"y":6.173640026522212}}
{"track":{"f":110,"p":10,"x":0.21235368779411404,"y":6.205655089535771}}
{"track":{"f":111,"p":10,"x":0.19577324830455192,"y":6.189987431270204}}
{"track":{"f":112,"p":10,"x":0.31376578258597615,"y":6.6381033793441615}}
{"track":{"f":113,"p":10,"x":0.3188508078760389,"y":6.7456833814840245}}
{"track":{"f":114,"p":10,"x":0.28396757261157113,"y":6.860038905994394}}
{"track":{"f":115,"p":10,"x":0.28562064980454377,"y":6.899973655424094}}
{"track":{"f":116,"p":10,"x":0.29980233566959885,"y":7.238048464442469}}
{"track":{"f":117,"p":10,"x":0.30371103860101617,"y":7.28276706739288}}
{"track":{"f":118,"p":10,"x":0.3101518879761519,"y":7.355551749968869}}
{"track":{"f":119,"p":10,"x":0.31024257657895943,"y":7.357702517824701}}
{"track":{"f":120,"p":10,"x":0.2942059919527729,"y":7.714826211700137}}
{"track":{"f":121,"p":10,"x":0.29209226725000254,"y":7.716880415161184}}
{"track":{"f":122,"p":10,"x":0.23434158796696336,"y":7.783966159667485}}
{"track":{"f":123,"p":10,"x":0.23161596412870078,"y":7.764338152344318}}
{"track":{"f":124,"p":10,"x":0.42236647464848337,"y":8.444616798848612}}
{"track":{"f":125,"p":10,"x":0.42622413599543735,"y":8.565756845408627}}
{"track":{"f":126,"p":10,"x":0.4423239304475029,"y":8.699957082395084}}
{"track":{"f":127,"p":10,"x":0.4382313184374053,"y":8.745416607391192}}
{"track":{"f":128,"p":10,"x":0.4437957931607418,"y":8.774914062012732}}
{"track":{"f":129,"p":10,"x":0.4840391036554007,"y":9.46954163808106}}
{"track":{"f":130,"p":10,"x":0.49029357677954244,"y":9.639726988226773}}
{"track":{"f":131,"p":10,"x":0.49671885144890754,"y":9.766055164997683}}
{"track":{"f":132,"p":10,"x":0.4632626294448653,"y":10.177537026681142}}
{"track":{"f":133,"p":10,"x":0.4930584976378451,"y":10.702322111381319}}
{"track":{"f":134,"p":10,"x":0.490212767487472,"y":10.798900797063713}}
{"track":{"f":135,"p":10,"x":0.3142298777913848,"y":11.027631290974167}}
{"track":{"f":136,"p":10,"x":0.2564099484282816,"y":11.132784178774191}}
{"track":{"f":137,"p":10,"x":0.5655721637651641,"y":11.476704854209215}}
{"track":{"f":138,"p":10,"x":0.5629506842688865,"y":11.423509261519765}}
{"track":{"f":139,"p":10,"x":0.5766091751721513,"y":11.359139927138722}}
{"track":{"f":140,"p":10,"x":0.5550768452572266,"y":11.266161611097699}}
{"track":{"f":141,"p":10,"x":0.5906291039628699,"y":11.113125602165251}}
{"track":{"f":142,"p":10,"x":0.6657734932960191,"y":11.636359616761}}
{"track":{"f":143,"p":10,"x":0.663927263506426,"y":11.604091294301169}}
{"track":{"f":144,"p":10,"x":0.6325044267578249,