{"track":{"f":0,"p":20,"x":-0.22578625047112538,"y":8.246829131009278}}
{"track":{"f":1,"p":20,"x":-0.22509112882222046,"y":8.221439854860606}}
{"track":{"f":2,"p":20,"x":-0.2257920131819312,"y":8.245290135604389}}
{"track":{"f":3,"p":20,"x":-0.22856991926463144,"y":8.280799304756894}}
{"track":{"f":4,"p":20,"x":-0.2290569759840397,"y":8.298444754151234}}
{"track":{"f":5,"p":20,"x":-0.22574589472061424,"y":8.306214980369228}}
{"track":{"f":6,"p":20,"x":-0.2177348750582983,"y":8.276262896579459}}
{"track":{"f":7,"p":20,"x":-0.2167350908694013,"y":8.238260363522045}}
{"track":{"f":8,"p":20,"x":-0.21590850659893965,"y":8.250211131971191}}
{"track":{"f":9,"p":20,"x":-0.20144665901848027,"y":8.205034336633268}}
{"track":{"f":10,"p":20,"x":-0.2004447756333817,"y":8.164227069756322}}
{"track":{"f":11,"p":20,"x":-0.19926641469632425,"y":8.116231774145009}}
{"track":{"f":12,"p":20,"x":-0.1949392649587366,"y":8.08369468916842}}
{"track":{"f":13,"p":20,"x":-0.19121126782888165,"y":8.064294129436416}}
{"track":{"f":14,"p":20,"x":-0.19134370071586565,"y":8.069879457985177}}
{"track":{"f":15,"p":20,"x":-0.19093825734936282,"y":8.11153862110199}}
{"track":{"f":16,"p":20,"x":-0.16715386298195287,"y":8.20585888659265}}
{"track":{"f":17,"p":20,"x":-0.16841229278816275,"y":8.26763728180423}}
{"track":{"f":18,"p":20,"x":-0.20432052990224045,"y":8.209909814017525}}
{"track":{"f":19,"p":20,"x":-0.20330103247438416,"y":8.170712691022128}}
{"track":{"f":20,"p":20,"x":-0.16658743671179502,"y":8.248602169305245}}
{"track":{"f":21,"p":20,"x":-0.12799781811328487,"y":8.264372611558123}}
{"track":{"f":22,"p":20,"x":-0.1283787842472341,"y":8.288970265875593}}
{"track":{"f":23,"p":20,"x":-0.1340416448609358,"y":8.272806608735396}}
{"track":{"f":24,"p":20,"x":-0.1284703231845677,"y":8.266502869244793}}
{"track":{"f":25,"p":20,"x":-0.12846103377855084,"y":8.267799492893992}}
{"track":{"f":26,"p":20,"x":-0.10909093392579641,"y":8.310378384077923}}
{"track":{"f":27,"p":20,"x":-0.13225078455551786,"y":8.318226004059598}}
{"track":{"f":28,"p":20,"x":-0.15023167171466692,"y":8.398286509755952}}
{"track":{"f":29,"p":20,"x":-0.1267792790511956,"y":8.433632435011551}}
{"track":{"f":30,"p":20,"x":-0.14516463957365985,"y":8.392731531334963}}
{"track":{"f":31,"p":20,"x":-0.14402620008704461,"y":8.328763294350887}}
{"track":{"f":32,"p":20,"x":-0.14325155472734785,"y":8.283967015381636}}
{"track":{"f":33,"p":20,"x":-0.14292277049454857,"y":8.264954043795589}}
{"track":{"f":34,"p":20,"x":-0.1310393118036609,"y":8.191232591649019}}
{"track":{"f":35,"p":20,"x":-0.12987053300562923,"y":8.118172539279318}}
{"track":{"f":36,"p":20,"x":-0.12937426509216743,"y":8.087150963761369}}
{"track":{"f":37,"p":20,"x":-0.18762717726927922,"y":8.037155948306042}}
{"track":{"f":38,"p":20,"x":-0.18639470566854333,"y":7.984362069502672}}
{"track":{"f":39,"p":20,"x":-0.16484068785628755,"y":8.03285123307607}}
{"track":{"f":40,"p":20,"x":-0.1652118485924205,"y":8.05093826617261}}
{"track":{"f":41,"p":20,"x":-0.18787682226443114,"y":8.060122133190541}}
{"track":{"f":42,"p":20,"x":-0.18710602160460402,"y":8.027053937850267}}
{"track":{"f":43,"p":20,"x":-0.18091529976079146,"y":8.054233755182022}}
{"track":{"f":44,"p":20,"x":-0.18117769627794728,"y":8.065915480765836}}
{"track":{"f":45,"p":20,"x":-0.12350593162942289,"y":8.127480406502546}}
{"track":{"f":46,"p":20,"x":-0.12265658505205393,"y":8.073239908720799}}
{"track":{"f":47,"p":20,"x":-0.12217837540240421,"y":8.040118713980773}}
{"track":{"f":48,"p":20,"x":-0.13219592504511163,"y":8.08439518859613}}
{"track":{"f":49,"p":20,"x":-0.13276338843563532,"y":8.119098212176382}}
{"track":{"f":50,"p":20,"x":-0.13318312061592172,"y":8.144766785679293}}
{"track":{"f":51,"p":20,"x":-0.13351360725584466,"y":8.164977579626058}}
{"track":{"f":52,"p":20,"x":-0.13363407229973456,"y":8.17234457691349}}
{"track":{"f":53,"p":20,"x":-0.14295024667328066,"y":8.178721506957237}}
{"track":{"f":54,"p":20,"x":-0.14169302193971028,"y":8.106790949250456}}
{"track":{"f":55,"p":20,"x":-0.1407774178486216,"y":8.054405793954011}}
{"track":{"f":56,"p":20,"x":-0.13973686122133747,"y":8.075056617541653}}
{"track":{"f":57,"p":20,"x":-0.12229082978981012,"y":8.04485047169664}}
{"track":{"f":58,"p":20,"x":-0.12152968608097707,"y":7.994778955005172}}
{"track":{"f":59,"p":20,"x":-0.13704839275758815,"y":8.000099156347176}}
{"track":{"f":60,"p":20,"x":-0.13693791395700997,"y":7.9936500375978445}}
{"track":{"f":61,"p":20,"x":-0.12157209289165646,"y":8.057606044685723}}
{"track":{"f":62,"p":20,"x":-0.12529623140673102,"y":8.089551068816922}}
{"track":{"f":63,"p":20,"x":-0.13197101461237828,"y":8.140390307278388}}
{"track":{"f":64,"p":20,"x":-0.1338259017928318,"y":8.155424970806216}}
{"track":{"f":65,"p":20,"x":-0.13397494298181506,"y":8.164507623850408}}
{"track":{"f":66,"p":20,"x":-0.12990908794045747,"y":8.08588698678542}}
{"track":{"f":67,"p":20,"x":-0.12725709578777875,"y":8.018391936937917}}
{"track":{"f":68,"p":20,"x":-0.13449140771491386,"y":8.010984159171674}}
{"track":{"f":69,"p":20,"x":-0.13093390570766497,"y":7.9868697275462575}}
{"track":{"f":70,"p":20,"x":-0.17109207873987037,"y":7.979965562829236}}
{"track":{"f":71,"p":20,"x":-0.17139821397788335,"y":7.992591096899948}}
{"track":{"f":72,"p":20,"x":-0.17270134091453465,"y":8.131784014504086}}
{"track":{"f":73,"p":20,"x":-0.17165797198966368,"y":8.162141382338268}}
{"track":{"f":74,"p":20,"x":-0.14589913634357055,"y":8.089284769664328}}
{"track":{"f":75,"p":20,"x":-0.14485343110989077,"y":8.029620741233375}}
{"track":{"f":76,"p":20,"x":-0.1468032797154534,"y":8.042413463290018}}
{"track":{"f":77,"p":20,"x":-0.14583294228739732,"y":7.994287214449035}}
{"track":{"f":78,"p":20,"x":-0.14451626010375146,"y":7.923771477780681}}
{"track":{"f":79,"p":20,"x":-0.1439186601488771,"y":7.8910052999529485}}
{"track":{"f":80,"p":20,"x":-0.11730101382547035,"y":7.937871177227971}}
{"track":{"f":81,"p":20,"x":-0.11763289576890956,"y":7.960329944012277}}
{"track":{"f":82,"p":20,"x":-0.08030152481149265,"y":8.075512844443834}}
{"track":{"f":83,"p":20,"x":-0.09105965017810458,"y":8.184222646608067}}
{"track":{"f":84,"p":20,"x":-0.09123093606001152,"y":8.197931850251702}}
{"track":{"f":85,"p":20,"x":-0.033596125270447086,"y":8.36785060004048}}
{"track":{"f":86,"p":20,"x":-0.0462836688144503,"y":8.46737076205937}}
{"track":{"f":87,"p":20,"x":-0.04658583576739918,"y":8.522650727718903}}
{"track":{"f":88,"p":20,"x":-0.046685883093872005,"y":8.539171142119702}}
{"track":{"f":89,"p":20,"x":-0.10988794179025221,"y":8.655921166192527}}
{"track":{"f":90,"p":20,"x":-0.10839907654888244,"y":8.694421713342637}}
{"track":{"f":91,"p":20,"x":-0.1288224433966072,"y":8.727934226637611}}
{"track":{"f":92,"p":20,"x":-0.27444753890649287,"y":8.91359581816743}}
{"track":{"f":93,"p":20,"x":-0.2758493866074184,"y":8.959125480610258}}
{"track":{"f":94,"p":20,"x":0.007182833375019911,"y":9.030151706728644}}
{"track":{"f":95,"p":20,"x":0.007186321397045805,"y":9.034536796345282}}
{"track":{"f":96,"p":20,"x":-0.03869421775330035,"y":9.041548881687858}}
{"track":{"f":97,"p":20,"x":-0.09589663096493799,"y":9.124252518376519}}
{"track":{"f":98,"p":20,"x":0.02846176159015818,"y":9.136360360306115}}
{"track":{"f":99,"p":20,"x":0.27195333065402527,"y":9.497793937514983}}
{"track":{"f":100,"p":20,"x":0.2715041048331809,"y":9.48210501667136}}
{"track":{"f":101,"p":20,"x":0.21025676177395058,"y":9.505498619105287}}
{"track":{"f":102,"p":20,"x":0.20602954827225284,"y":9.314390510314704}}
{"track":{"f":103,"p":20,"x":0.7640028193903279,"y":5.694152468460777}}
{"track":{"f":104,"p":20,"x":0.7677115488876126,"y":5.721793820934671}}
{"track":{"f":105,"p":20,"x":2.8495779065429865,"y":-9.641220161976445}}
{"track":{"f":106,"p":20,"x":3.119748575319472,"y":-10.55531164654391}}
{"track":{"f":107,"p":20,"x":3.310810187863484,"y":-11.201746708666416}}
{"track":{"f":108,"p":20,"x":1.4664651720636648,