{"track":{"f":86,"p":11,"x":0.227178046557448,"y":2.652384896812862}}
{"track":{"f":87,"p":11,"x":0.22881144118440577,"y":2.671455362928445}}
{"track":{"f":88,"p":11,"x":0.18988693935246817,"y":2.679161102292387}}
{"track":{"f":89,"p":11,"x":0.20255402051814964,"y":2.6788171106423135}}
{"track":{"f":90,"p":11,"x":0.18426253003031276,"y":2.6772837033172943}}
{"track":{"f":92,"p":11,"x":0.21516254068589055,"y":2.7351780370113943}}
{"track":{"f":93,"p":11,"x":0.21586429349509928,"y":2.744098822502401}}
{"track":{"f":94,"p":11,"x":0.27120911820806415,"y":2.7611671177563863}}
{"track":{"f":95,"p":11,"x":0.2838203517838299,"y":2.7621370254159885}}
{"track":{"f":96,"p":11,"x":0.18724350898344633,"y":2.8467459933868233}}
{"track":{"f":97,"p":11,"x":0.20870845070383662,"y":2.8305419554364697}}
{"track":{"f":100,"p":11,"x":0.16312481664514783,"y":3.100740013041745}}
{"track":{"f":101,"p":11,"x":0.16100314302512558,"y":3.060410414985986}}
{"track":{"f":102,"p":11,"x":0.16553934776616655,"y":3.032897951860127}}
{"track":{"f":103,"p":11,"x":0.17545682865557174,"y":3.011047860777779}}
{"track":{"f":104,"p":11,"x":0.25976588751573204,"y":3.0465775980590024}}
{"track":{"f":105,"p":11,"x":0.2569099813284311,"y":3.038826644294612}}
{"track":{"f":106,"p":11,"x":0.49004130492688397,"y":3.205356622522307}}
{"track":{"f":107,"p":11,"x":0.4913768982062155,"y":3.214092728478804}}
{"track":{"f":108,"p":11,"x":0.4183400797977814,"y":3.2017463284463226}}
{"track":{"f":109,"p":11,"x":0.4179899231143601,"y":3.199066420568342}}
{"track":{"f":110,"p":11,"x":0.4171230592527449,"y":3.1924319183529892}}
{"track":{"f":111,"p":11,"x":0.24882985138616365,"y":3.2888748522192137}}
{"track":{"f":112,"p":11,"x":0.24771377849499687,"y":3.4090428991756805}}
{"track":{"f":113,"p":11,"x":0.2526010305299756,"y":3.476301377680795}}
{"track":{"f":114,"p":11,"x":0.1517928842453001,"y":3.608205168311716}}
{"track":{"f":115,"p":11,"x":0.2743828413071621,"y":3.6372696275094003}}
{"track":{"f":116,"p":11,"x":0.33078212827820475,"y":3.7568330285263127}}
{"track":{"f":117,"p":11,"x":0.3125596505607999,"y":3.750861726267678}}
{"track":{"f":118,"p":11,"x":0.35838924791187265,"y":4.119387086312611}}
{"track":{"f":119,"p":11,"x":0.3583092270388782,"y":4.118467312762568}}
{"track":{"f":120,"p":11,"x":0.3289874560516722,"y":4.166475065225834}}
{"track":{"f":121,"p":11,"x":0.3291895262387537,"y":4.169034191357891}}
{"track":{"f":122,"p":11,"x":0.3284437264239181,"y":4.159588979162098}}
{"track":{"f":123,"p":11,"x":0.1514062327288246,"y":4.391759932532703}}
{"track":{"f":124,"p":11,"x":0.16364856010649673,"y":4.389683130510408}}
{"track":{"f":125,"p":11,"x":0.10111044079584455,"y":4.413213680295912}}
{"track":{"f":126,"p":11,"x":0.09838921519160064,"y":4.373508175398329}}
{"track":{"f":127,"p":11,"x":0.09949580907305196,"y":4.3427391105919275}}
{"track":{"f":128,"p":11,"x":0.18878387586442813,"y":4.492402448600696}}
{"track":{"f":129,"p":11,"x":0.18747992213342296,"y":4.461372865659851}}
{"track":{"f":130,"p":11,"x":0.212621088043683,"y":4.429238779687187}}
{"track":{"f":131,"p":11,"x":0.20943971833995265,"y":4.362965738786426}}
{"track":{"f":132,"p":11,"x":0.2768296571341977,"y":4.4361429953921325}}
{"track":{"f":133,"p":11,"x":0.27846845101102435,"y":4.46240435789511}}
{"track":{"f":134,"p":11,"x":0.28427557562168193,"y":4.48254526957947}}
{"track":{"f":135,"p":11,"x":0.2837083486937346,"y":4.473601059803141}}
{"track":{"f":136,"p":11,"x":0.15376129933229232,"y":4.855814106649789}}
{"track":{"f":137,"p":11,"x":0.15524059926371464,"y":4.904392665194895}}
{"track":{"f":138,"p":11,"x":0.15423103756019693,"y":4.933520897980196}}
{"track":{"f":139,"p":11,"x":0.08051774312120873,"y":4.902563473876787}}
{"track":{"f":140,"p":11,"x":0.08007957745966748,"y":4.875884447807389}}
{"track":{"f":141,"p":11,"x":0.3194654250032407,"y":5.196011177258592}}
{"track":{"f":142,"p":11,"x":0.22431432234134424,"y":5.341121904497492}}
{"track":{"f":143,"p":11,"x":0.22937930929261985,"y":5.404253548318147}}
{"track":{"f":144,"p":11,"x":0.2253608427924344,"y":5.460247394686119}}
{"track":{"f":145,"p":11,"x":0.2963074397096313,"y":5.97049663239129}}
{"track":{"f":146,"p":11,"x":0.3859919150687741,"y":6.13114899297721}}
{"track":{"f":147,"p":11,"x":0.38789388197014013,"y":6.1613600984349715}}
{"track":{"f":148,"p":11,"x":0.38458932284171987,"y":6.3229711645570355}}
{"track":{"f":149,"p":11,"x":0.37973118296087016,"y":6.278013696022269}}
{"track":{"f":150,"p":11,"x":0.29626955135230504,"y":6.354186481869681}}
{"track":{"f":151,"p":11,"x":0.29573803244942054,"y":6.342786828371203}}
{"track":{"f":152,"p":11,"x":0.2267174669256499,"y":6.831412805660011}}
{"track":{"f":153,"p":11,"x":0.20730833088882425,"y":6.846693543880322}}
{"track":{"f":154,"p":11,"x":0.20758814424526972,"y":6.855934833378209}}
{"track":{"f":155,"p":11,"x":0.2317712772818119,"y":6.969797639014482}}
{"track":{"f":156,"p":11,"x":0.23313476545870657,"y":7.010800289505088}}
{"track":{"f":157,"p":11,"x":0.20695723858277998,"y":7.040272832797403}}
{"track":{"f":158,"p":11,"x":0.316891674499258,"y":7.357700462795385}}
{"track":{"f":159,"p":11,"x":0.25026889656278695,"y":7.674336361233811}}
{"track":{"f":160,"p":11,"x":0.25456558040254007,"y":7.804081045805417}}
{"track":{"f":161,"p":11,"x":0.37050297692794976,"y":8.316837193442897}}
{"track":{"f":162,"p":11,"x":0.3776293294668814,"y":8.476805446170049}}
{"track":{"f":163,"p":11,"x":0.4298820893157396,"y":8.679588482170516}}
{"track":{"f":164,"p":11,"x":0.25271146742922046,"y":9.28280904387026}}
{"track":{"f":165,"p":11,"x":0.25190642936258056,"y":9.413553687620295}}
{"track":{"f":166,"p":11,"x":0.2546481474542291,"y":9.516009629365646}}
{"track":{"f":167,"p":11,"x":0.2566539989331745,"y":9.590966789586698}}
{"track":{"f":168,"p":11,"x":0.32487054671809446,"y":9.709832886407003}}
{"track":{"f":169,"p":11,"x":0.3254561929177897,"y":9.727336863874495}}
{"track":{"f":170,"p":11,"x":0.3808046961314125,"y":10.53961715537167}}
{"track":{"f":171,"p":11,"x":0.3818104686845898,"y":10.549703477622133}}
{"track":{"f":172,"p":11,"x":0.5550270041691394,"y":10.870410743257523}}
{"track":{"f":173,"p":11,"x":0.5595345185575963,"y":10.958692092571365}}
{"track":{"f":174,"p":11,"x":0.6302803552886931,"y":11.239509640394886}}
{"track":{"f":175,"p":11,"x":0.5743788418139815,"y":11.349654728640328}}
{"track":{"f":176,"p":11,"x":0.5752456484734197,"y":11.36440628641757}}
{"track":{"f":177,"p":11,"x":0.5752986863851721,"y":11.367830743366179}}
{"track":{"f":178,"p":11,"x":0.582305774516659,"y":12.090342639072052}}
{"track":{"f":179,"p":11,"x":0.5798872951977698,"y":11.97433430469266}}
{"track":{"f":180,"p":11,"x":0.719004220994063,"y":12.117236648202379}}
{"track":{"f":181,"p":11,"x":0.7220933850049773,"y":12.123390252496213}}
{"track":{"f":182,"p":11,"x":0.4691989631039451,"y":12.91634441997465}}
{"track":{"f":183,"p":11,"x":0.5064936123336541,"y":13.1293867811133}}
{"track":{"f":184,"p":11,"x":0.8867538341810061,"y":13.066999949768434}}
{"track":{"f":185,"p":11,"x":0.9003359830914038,"y":13.267143363068504}}
