{"track":{"f":0,"p":27,"x":0.22769303157725196,"y":-4.812646198946917}}
{"track":{"f":1,"p":27,"x":0.22886831807975683,"y":-4.837487706303429}}
{"track":{"f":2,"p":27,"x":0.24198714614108235,"y":-4.9176336818372475}}
