{"track":{"f":17,"p":6,"x":-0.021152941253320928,"y":5.077026399906929}}
{"track":{"f":18,"p":6,"x":-0.038586625019852466,"y":5.087791399356753}}
{"track":{"f":19,"p":6,"x":-0.023739968426237552,"y":5.093559583266519}}
{"track":{"f":34,"p":6,"x":0.16395276119238875,"y":5.070200592987193}}
{"track":{"f":35,"p":6,"x":0.18509481380765322,"y":5.008418868550018}}
{"track":{"f":46,"p":6,"x":-0.10887816652560846,"y":5.057642421831657}}
{"track":{"f":47,"p":6,"x":-0.10351152019505502,"y":4.806720799146182}}
{"track":{"f":48,"p":6,"x":-0.049510909057322756,"y":4.750108265768986}}
{"track":{"f":49,"p":6,"x":0.2003068738352899,"y":4.490408801095822}}
{"track":{"f":50,"p":6,"x":0.1636569629963231,"y":4.4963773109911305}}
{"track":{"f":51,"p":6,"x":0.22825483753885364,"y":4.503707919165155}}
{"track":{"f":52,"p":6,"x":0.22802593663510998,"y":4.499191463680531}}
{"track":{"f":53,"p":6,"x":0.26421859436773537,"y":4.6013785120023565}}
{"track":{"f":54,"p":6,"x":0.00598476854227076,"y":5.040249301817524}}
{"track":{"f":55,"p":6,"x":-0.08815956587797387,"y":5.689026146028703}}
{"track":{"f":56,"p":6,"x":-0.060040800265035034,"y":5.777353375502668}}
{"track":{"f":57,"p":6,"x":-0.04557521323849679,"y":5.859294653631683}}
{"track":{"f":58,"p":6,"x":-0.17521515787652606,"y":6.063652842926948}}
{"track":{"f":59,"p":6,"x":-0.24778118612367953,"y":6.149803416261096}}
{"track":{"f":60,"p":6,"x":-0.19062755297018522,"y":5.856627374438045}}
{"track":{"f":61,"p":6,"x":-0.18195679200561382,"y":5.568271062230733}}
{"track":{"f":62,"p":6,"x":-0.1750828814375602,"y":5.357914543638817}}
{"track":{"f":63,"p":6,"x":-0.16867822707838734,"y":5.415704500228224}}
{"track":{"f":64,"p":6,"x":-0.1691109225509532,"y":5.429596932337521}}
{"track":{"f":65,"p":6,"x":-0.1713069058470536,"y":5.6642470219338685}}
{"track":{"f":66,"p":6,"x":-0.17701459989514354,"y":5.772832198974987}}
{"track":{"f":67,"p":6,"x":-0.1265760356645921,"y":6.069248639950009}}
{"track":{"f":68,"p":6,"x":-0.12270506739570788,"y":6.245472658393469}}
{"track":{"f":69,"p":6,"x":-0.13339878479288164,"y":6.396395565117736}}
{"track":{"f":70,"p":6,"x":-0.09192778491464981,"y":6.44697794417351}}
{"track":{"f":71,"p":6,"x":-0.0928421238879739,"y":6.5128530940140354}}
{"track":{"f":72,"p":6,"x":-0.12447441338493757,"y":6.468953841885857}}
{"track":{"f":73,"p":6,"x":-0.1197770370611825,"y":6.40658325052186}}
{"track":{"f":74,"p":6,"x":-0.13624710792245603,"y":6.42113005928619}}
{"track":{"f":75,"p":6,"x":-0.1304752036482615,"y":6.30441354960266}}
{"track":{"f":76,"p":6,"x":-0.154693958042736,"y":6.167435008344132}}
{"track":{"f":77,"p":6,"x":-0.15249036716292552,"y":6.078024851370231}}
{"track":{"f":78,"p":6,"x":-0.15100993055225007,"y":6.019016989575593}}
{"track":{"f":79,"p":6,"x":-0.17731804763298428,"y":6.247971738492482}}
{"track":{"f":80,"p":6,"x":-0.17689184261479712,"y":6.232953995267892}}
{"track":{"f":81,"p":6,"x":-0.17478589516679138,"y":6.4463917821708305}}
{"track":{"f":82,"p":6,"x":-0.18847990424058375,"y":6.617605273765933}}
{"track":{"f":83,"p":6,"x":-0.1346604583112943,"y":6.877241292841325}}
{"track":{"f":84,"p":6,"x":-0.14022434876212933,"y":6.9461725036609625}}
{"track":{"f":85,"p":6,"x":-0.1243489393428352,"y":6.880889511779281}}
{"track":{"f":86,"p":6,"x":-0.0808928763398667,"y":7.236697459127642}}
{"track":{"f":87,"p":6,"x":-0.1549357106869225,"y":7.399656075855357}}
{"track":{"f":88,"p":6,"x":-0.15112492346635753,"y":7.524025962159576}}
{"track":{"f":89,"p":6,"x":-0.1549976150534378,"y":7.668189164982297}}
{"track":{"f":90,"p":6,"x":-0.035790257640057,"y":8.145470416875444}}
