{"track":{"f":0,"p":26,"x":0.2948077025626557,"y":-4.760648132283397}}
{"track":{"f":1,"p":26,"x":0.2893535184257506,"y":-4.739123522505557}}
{"track":{"f":2,"p":26,"x":0.2921029692262882,"y":-4.716971241909858}}
{"track":{"f":3,"p":26,"x":0.24926640760932037,"y":-4.6692455265136585}}
{"track":{"f":4,"p":26,"x":0.24110609778341088,"y":-4.642143059086951}}
{"track":{"f":5,"p":26,"x":0.5580542166309617,"y":-4.464161776801769}}
{"track":{"f":6,"p":26,"x":0.46958615645266283,"y":-4.505438831791887}}
{"track":{"f":7,"p":26,"x":0.26894609269166747,"y":-4.528593284975864}}
{"track":{"f":8,"p":26,"x":0.2609931047441216,"y":-4.490416404692209}}
{"track":{"f":9,"p":26,"x":0.25917225915881403,"y":-4.514451287628058}}
{"track":{"f":10,"p":26,"x":0.27372721738624683,"y":-4.553720331322728}}
{"track":{"f":11,"p":26,"x":0.30018582923717757,"y":-4.4556940653470605}}
{"track":{"f":12,"p":26,"x":0.1925102472160453,"y":-4.553446277012961}}
{"track":{"f":13,"p":26,"x":0.22635162259777916,"y":-4.560623446176715}}
{"track":{"f":14,"p":26,"x":0.1916242258848366,"y":-4.582002059448814}}
{"track":{"f":15,"p":26,"x":0.20073557154854202,"y":-4.609103622149856}}
{"track":{"f":16,"p":26,"x":0.1837902250102579,"y":-4.674239255990762}}
{"track":{"f":17,"p":26,"x":0.17512292586901615,"y":-4.741871759039032}}
{"track":{"f":18,"p":26,"x":0.17070924290089212,"y":-4.808577492323335}}
{"track":{"f":19,"p":26,"x":0.2182541435460014,"y":-4.787271838541291}}
{"track":{"f":20,"p":26,"x":0.20923654865034544,"y":-4.918405407166432}}
{"track":{"f":21,"p":26,"x":0.18374461984414958,"y":-4.856421546000351}}
{"track":{"f":22,"p":26,"x":0.1833791214194275,"y":-4.898807079851608}}
{"track":{"f":23,"p":26,"x":0.18850598606904814,"y":-4.912280991084474}}
{"track":{"f":24,"p":26,"x":0.2046996449682506,"y":-4.884900530045263}}
{"track":{"f":25,"p":26,"x":0.17971605655065587,"y":-4.785246061615826}}
{"track":{"f":26,"p":26,"x":0.18193722729794123,"y":-4.741041560414619}}
{"track":{"f":27,"p":26,"x":0.2651301242649247,"y":-4.747517318766311}}
{"track":{"f":28,"p":26,"x":0.2560767968594548,"y":-4.7599692137140055}}
{"track":{"f":29,"p":26,"x":0.2542427484991172,"y":-4.765137453437764}}
{"track":{"f":30,"p":26,"x":0.20076693419397362,"y":-4.732827484797947}}
{"track":{"f":31,"p":26,"x":0.17189246875126618,"y":-4.691516819348303}}
{"track":{"f":32,"p":26,"x":0.17155949940571288,"y":-4.6804794393974785}}
{"track":{"f":33,"p":26,"x":0.1707688456350967,"y":-4.660849409738021}}
{"track":{"f":34,"p":26,"x":0.19206209003569558,"y":-4.690432439813151}}
{"track":{"f":35,"p":26,"x":0.21352147246235315,"y":-4.680546911598538}}
{"track":{"f":36,"p":26,"x":0.21447238494261062,"y":-4.701391608955396}}
{"track":{"f":37,"p":26,"x":0.26209169989106235,"y":-4.606332080343459}}
{"track":{"f":38,"p":26,"x":0.27426234420137197,"y":-4.5706235210165}}
{"track":{"f":39,"p":26,"x":0.21169152649127174,"y":-4.559478862850959}}
{"track":{"f":40,"p":26,"x":0.22124168149105175,"y":-4.568432511128828}}
{"track":{"f":41,"p":26,"x":0.20790098439760787,"y":-4.551753954492882}}
{"track":{"f":42,"p":26,"x":0.19229168857580464,"y":-4.534701521013386}}
{"track":{"f":43,"p":26,"x":0.19217958163360802,"y":-4.534060943883462}}
{"track":{"f":44,"p":26,"x":0.163636068531936,"y":-4.497793788185273}}
{"track":{"f":45,"p":26,"x":0.15599841790495822,"y":-4.442406758149293}}
{"track":{"f":46,"p":26,"x":0.15485298482957427,"y":-4.462933135771314}}
{"track":{"f":47,"p":26,"x":0.1558151434827755,"y":-4.43526544505828}}
{"track":{"f":48,"p":26,"x":0.1929897235686773,"y":-4.411175767365404}}
{"track":{"f":49,"p":26,"x":0.1991625401910571,"y":-4.42612199202232}}
{"track":{"f":50,"p":26,"x":0.15553787705145314,"y":-4.411931774896848}}
{"track":{"f":51,"p":26,"x":0.18710358766896057,"y":-4.353614152389566}}
{"track":{"f":52,"p":26,"x":0.17822538086421896,"y":-4.311449459050929}}
{"track":{"f":53,"p":26,"x":0.21280909532424536,"y":-4.233003489217653}}
{"track":{"f":54,"p":26,"x":0.2158452340026119,"y":-4.217302354194052}}
{"track":{"f":55,"p":26,"x":0.17258669763758536,"y":-4.215278082544003}}
{"track":{"f":56,"p":26,"x":0.30553222188568185,"y":-4.149490850206078}}
{"track":{"f":57,"p":26,"x":0.22931936945659112,"y":-4.210496578032267}}
{"track":{"f":58,"p":26,"x":0.22676301356051698,"y":-4.219553559223736}}
{"track":{"f":59,"p":26,"x":0.04138061751021231,"y":-4.131819981899579}}
{"track":{"f":60,"p":26,"x":0.02734353662562129,"y":-4.12598969116232}}
{"track":{"f":61,"p":26,"x":0.027593211761149303,"y":-4.16180146672592}}
{"track":{"f":62,"p":26,"x":0.026670935396000222,"y":-4.075343623819382}}
{"track":{"f":63,"p":26,"x":0.012124825345784698,"y":-4.0530321785975785}}
{"track":{"f":64,"p":26,"x":0.010976828819929523,"y":-4.040771340325631}}
{"track":{"f":65,"p":26,"x":0.01113608446525616,"y":-4.099396254495124}}
{"track":{"f":66,"p":26,"x":0.09196653400006499,"y":-4.1442659882037605}}
{"track":{"f":67,"p":26,"x":0.24283498879278959,"y":-4.072104844906783}}
{"track":{"f":68,"p":26,"x":0.24369154869732093,"y":-4.05099184885503}}
{"track":{"f":69,"p":26,"x":0.16878962961966967,"y":-4.018317634327211}}
{"track":{"f":70,"p":26,"x":0.1540986958488809,"y":-4.007529208919953}}
{"track":{"f":71,"p":26,"x":0.15893643497671084,"y":-4.039120415445456}}
{"track":{"f":72,"p":26,"x":0.17570000404997455,"y":-4.070706999909218}}
{"track":{"f":73,"p":26,"x":0.20583754688868114,"y":-4.191232462432418}}
{"track":{"f":74,"p":26,"x":0.2200013623898496,"y":-4.2835330198963435}}
{"track":{"f":75,"p":26,"x":0.22496142928666982,"y":-4.397896985913946}}
{"track":{"f":76,"p":26,"x":0.2309054926100583,"y":-4.472133573316948}}
{"track":{"f":77,"p":26,"x":0.17210937815663707,"y":-4.413615084686494}}
{"track":{"f":78,"p":26,"x":0.10971381987117053,"y":-4.408500762096122}}
{"track":{"f":79,"p":26,"x":0.11054887384807799,"y":-4.442054749168225}}
{"track":{"f":80,"p":26,"x":0.12754495298640042,"y":-4.370618160313452}}
{"track":{"f":81,"p":26,"x":0.1273552801316066,"y":-4.364118588168334}}
{"track":{"f":82,"p":26,"x":0.11500931621512875,"y":-4.40480191399112}}
{"track":{"f":83,"p":26,"x":0.11563016458580096,"y":-4.465447032361799}}
{"track":{"f":84,"p":26,"x":-0.10889272251993311,"y":-4.259460119991794}}
{"track":{"f":85,"p":26,"x":-0.023262067970302114,"y":-4.185901083399158}}
{"track":{"f":86,"p":26,"x":-0.023092761463994336,"y":-4.155435163985417}}
{"track":{"f":87,"p":26,"x":0.25498663557231255,"y":-2.0832225558261124}}
{"track":{"f":88,"p":26,"x":0.26410187689269193,"y":-2.1433412387141635}}
{"track":{"f":89,"p":26,"x":0.13497789568131938,"y":-3.937344341051821}}
{"track":{"f":90,"p":26,"x":0.21091187998121141,"y":-3.703995868100172}}
{"track":{"f":91,"p":26,"x":0.2070734960765029,"y":-3.6722795972801068}}
{"track":{"f":92,"p":26,"x":0.19519085724203522,"y":-3.541202182803362}}
{"track":{"f":93,"p":26,"x":0.3776487636149598,"y":-1.7583764720641148}}
{"track":{"f":94,"p":26,"x":0.36103396798836973,"y":-1.7362552240720037}}
{"track":{"f":95,"p":26,"x":0.3665048097545853,"y":-1.7257617707444846}}
{"track":{"f":96,"p":26,"x":0.2844518938273766,"y":-2.027631448307966}}
{"track":{"f":97,"p":26,"x":0.28898399209237935,"y":-2.0431726806124493}}
{"track":{"f":98,"p":26,"x":0.10121117827935519,"y":-3.157427293822027}}
{"track":{"f":99,"p":26,"x":1.3805385638752063,"y":-5.951865269675071}}
{"track":{"f":100,"p":26,"x":1.446175471153303,"y":-6.2421430587966125}}
{"track":{"f":101,"p":26,"x":1.5011636876761703,"y":-6.469627064924014}}
{"track":{"f":102,"p":26,"x":1.629906664467666,"y":-6.191362016849975}}
{"track":{"f":103,"p":26,"x":1.6680683070843119,"y":-6.336322798806449}}
{"track":{"f":104,"p":26,"x":1.6551375833867106,"y":-5.836652104204539}}
{"track":{"f":105,"p":26,"x":1.6802732871629618,"y":-5.922770410566828}}
{"track":{"f":106,"p":26,"x":0.5863217307874614,"y":-3.579026374275875}}
{"track":{"f":107,"p":26,"x":0.5857425915908195,"y":-3.57549119154203}}
{"track":{"f":108,"p":26,