{"track":{"f":82,"p":0,"x":6.8424345169395995,"y":-21.453079599945056}}
{"track":{"f":83,"p":0,"x":6.840928222481543,"y":-21.44835691610649}}
{"track":{"f":84,"p":0,"x":6.8403985732501145,"y":-21.44669630728462}}
{"track":{"f":85,"p":0,"x":7.043162137215128,"y":-19.323203792637983}}
{"track":{"f":86,"p":0,"x":6.937493180862927,"y":-19.033296682966313}}
{"track":{"f":87,"p":0,"x":6.855521975452321,"y":-18.80840532359976}}
{"track":{"f":88,"p":0,"x":7.9125290268426385,"y":-8.4905716322007}}
{"track":{"f":89,"p":0,"x":8.050589106332676,"y":-8.638717565123144}}
{"track":{"f":90,"p":0,"x":7.763453974595529,"y":-6.385857165095417}}
{"track":{"f":91,"p":0,"x":7.647204613008393,"y":-6.290235831980262}}
{"track":{"f":92,"p":0,"x":7.562750754352246,"y":-6.220768004878547}}
{"track":{"f":93,"p":0,"x":6.8859818684754215,"y":5.34630402822746}}
{"track":{"f":94,"p":0,"x":6.843081869693206,"y":5.312996296566081}}
{"track":{"f":95,"p":0,"x":7.085886011026243,"y":7.508079465000168}}
{"track":{"f":96,"p":0,"x":7.1493243807538684,"y":7.575297639312299}}
{"track":{"f":97,"p":0,"x":7.190996182102641,"y":7.619452342829889}}
{"track":{"f":98,"p":0,"x":7.221407567493208,"y":7.65167570879962}}
{"track":{"f":99,"p":0,"x":8.709211967497057,"y":21.95556681938256}}
{"track":{"f":100,"p":0,"x":8.947775431688338,"y":22.58644734152784}}
{"track":{"f":101,"p":0,"x":9.141349937250459,"y":23.044968949623716}}
{"track":{"f":102,"p":0,"x":5.845513143497187,"y":25.175700007100534}}
{"track":{"f":103,"p":0,"x":5.930789955637545,"y":25.47255892731439}}
{"track":{"f":190,"p":0,"x":3.7157948901771065,"y":23.645416872455467}}
{"track":{"f":191,"p":0,"x":3.766458112532758,"y":23.812554609437864}}
{"track":{"f":192,"p":0,"x":6.5778893333005914,"y":14.744088673383771}}
{"track":{"f":193,"p":0,"x":6.498563409265249,"y":14.56628263275093}}
{"track":{"f":194,"p":0,"x":6.430772873088279,"y":14.437400270988153}}
{"track":{"f":195,"p":0,"x":7.1967772888136485,"y":13.197402516414776}}
{"track":{"f":196,"p":0,"x":7.900037684013869,"y":10.910829823588045}}
{"track":{"f":197,"p":0,"x":7.8783542801307265,"y":10.90858698144772}}
{"track":{"f":198,"p":0,"x":7.8190282523876995,"y":10.631420871070446}}
{"track":{"f":199,"p":0,"x":7.828262266721944,"y":10.630338846818601}}
{"track":{"f":200,"p":0,"x":7.538226566731714,"y":9.892344541774358}}
{"track":{"f":201,"p":0,"x":7.578988574433528,"y":9.94583614498251}}
{"track":{"f":202,"p":0,"x":7.588998238448283,"y":9.769115093046171}}
{"track":{"f":203,"p":0,"x":7.608737492802228,"y":9.804744838357472}}
{"track":{"f":204,"p":0,"x":7.622886118708111,"y":9.833215925123307}}
{"track":{"f":205,"p":0,"x":7.525469525359297,"y":9.563510504326054}}
{"track":{"f":206,"p":0,"x":7.542521763692805,"y":9.574883856674195}}
{"track":{"f":207,"p":0,"x":7.452390978360762,"y":9.294859266955491}}
{"track":{"f":208,"p":0,"x":7.472339660884455,"y":9.306858433883212}}
{"track":{"f":209,"p":0,"x":7.470409962242664,"y":9.317333117267712}}
{"track":{"f":210,"p":0,"x":7.476351699301873,"y":9.324743840876677}}
{"track":{"f":211,"p":0,"x":8.474693169367518,"y":8.053339042688291}}
{"track":{"f":212,"p":0,"x":8.460163249763164,"y":8.03905838609385}}
{"track":{"f":213,"p":0,"x":8.365488293380373,"y":7.76083990482822}}
{"track":{"f":214,"p":0,"x":8.34675911329071,"y":7.743464449489935}}
{"track":{"f":215,"p":0,"x":7.990766566853593,"y":6.9242419403780975}}
{"track":{"f":216,"p":0,"x":7.908135200789893,"y":6.85263935185269}}
{"track":{"f":217,"p":0,"x":8.666813308726558,"y":6.76775555991436}}
{"track":{"f":218,"p":0,"x":8.181973855536254,"y":4.57776258752788}}
{"track":{"f":219,"p":0,"x":8.117913838022078,"y":4.538296484205956}}
{"track":{"f":220,"p":0,"x":7.852415736438445,"y":4.162064995465949}}
{"track":{"f":221,"p":0,"x":7.781805394479033,"y":4.124638954556857}}
{"track":{"f":222,"p":0,"x":7.286998949039925,"y":1.40643417215845}}
{"track":{"f":223,"p":0,"x":7.397392026661801,"y":1.36582282278406}}
{"track":{"f":224,"p":0,"x":7.405015707996758,"y":1.3808355288826106}}
{"track":{"f":225,"p":0,"x":8.054892643359233,"y":2.377853926138214}}
{"track":{"f":226,"p":0,"x":8.151334333519783,"y":2.401913032519787}}
{"track":{"f":227,"p":0,"x":7.62915277051617,"y":2.6257744367334532}}
{"track":{"f":228,"p":0,"x":7.644047675877249,"y":2.6185524294559994}}
{"track":{"f":229,"p":0,"x":7.560942762784637,"y":2.1385137184292002}}
{"track":{"f":230,"p":0,"x":7.508240552167546,"y":2.1236075878139897}}
{"track":{"f":231,"p":0,"x":8.066095607751139,"y":1.5428776081293092}}
{"track":{"f":232,"p":0,"x":7.632401088405746,"y":0.8681500438863222}}
{"track":{"f":233,"p":0,"x":7.553266865981002,"y":0.8591488949850526}}
{"track":{"f":234,"p":0,"x":7.6197095761495435,"y":0.7735949227758347}}
{"track":{"f":235,"p":0,"x":7.589607325116705,"y":0.7713502968654685}}
{"track":{"f":236,"p":0,"x":7.570746760193105,"y":0.767440100756805}}
{"track":{"f":237,"p":0,"x":7.557324173660615,"y":0.7601100143070972}}
{"track":{"f":238,"p":0,"x":7.547127989372071,"y":0.7531230931995827}}
{"track":{"f":239,"p":0,"x":7.673384621830665,"y":0.6509201204064452}}
{"track":{"f":240,"p":0,"x":7.614818803643589,"y":0.645952082010771}}
{"track":{"f":241,"p":0,"x":7.618766481424008,"y":0.6306925895218553}}
{"track":{"f":242,"p":0,"x":7.57961597632073,"y":0.6338893524306984}}
{"track":{"f":243,"p":0,"x":7.565300106530974,"y":0.6359014353426444}}
{"track":{"f":244,"p":0,"x":7.699967559296218,"y":0.7726877081470491}}
{"track":{"f":245,"p":0,"x":7.687248588038952,"y":0.7656545648096709}}
{"track":{"f":246,"p":0,"x":7.681580192826669,"y":0.7593374329404295}}
{"track":{"f":247,"p":0,"x":7.675694152820125,"y":0.7645189655441804}}
{"track":{"f":248,"p":0,"x":7.649765376207468,"y":0.7486357571350579}}
{"track":{"f":249,"p":0,"x":7.713552196214281,"y":0.7823691543181399}}
{"track":{"f":250,"p":0,"x":7.664695080694093,"y":0.7630696926072976}}
{"track":{"f":251,"p":0,"x":7.760637637084864,"y":0.7262527137105386}}
{"track":{"f":252,"p":0,"x":7.804172646718216,"y":0.7296118333446789}}
{"track":{"f":253,"p":0,"x":7.823283000295814,"y":0.7244490382439533}}
{"track":{"f":254,"p":0,"x":7.8772433629049585,"y":0.8050581236416318}}
{"track":{"f":255,"p":0,"x":7.918536260058575,"y":0.8170225676637453}}
{"track":{"f":256,"p":0,"x":7.959771867988787,"y":0.8204747748635245}}
{"track":{"f":257,"p":0,"x":7.843863801117626,"y":1.1444748219164802}}
{"track":{"f":258,"p":0,"x":7.809132682438449,"y":1.1258990032022018}}
{"track":{"f":259,"p":0,"x":7.218501853660001,"y":1.193796179479994}}
{"track":{"f":260,"p":0,"x":7.243046288337629,"y":1.1914036946968665}}
{"track":{"f":261,"p":0,"x":7.459174572586616,"y":1.113573455149187}}
