{"track":{"f":0,"p":24,"x":0.12913441093568093,"y":4.147034606223043}}
{"track":{"f":1,"p":24,"x":0.1302439476947663,"y":4.182666373956085}}
{"track":{"f":2,"p":24,"x":0.1651160821772858,"y":4.090085145288315}}
{"track":{"f":3,"p":24,"x":0.16359450193178174,"y":4.052394130110168}}
{"track":{"f":4,"p":24,"x":0.1625106037924864,"y":4.02554492426614}}
{"track":{"f":5,"p":24,"x":-0.037320689488426484,"y":4.078133524098968}}
{"track":{"f":6,"p":24,"x":0.13240763248185386,"y":4.140983800167782}}
{"track":{"f":7,"p":24,"x":0.1315715963591872,"y":4.114837180253011}}
{"track":{"f":8,"p":24,"x":0.19002220183700838,"y":4.136708815481148}}
{"track":{"f":9,"p":24,"x":0.2519642608738511,"y":4.250347941626113}}
{"track":{"f":10,"p":24,"x":0.254465610691983,"y":4.292542842656565}}
{"track":{"f":11,"p":24,"x":0.14266083267882607,"y":4.3922656748234745}}
{"track":{"f":12,"p":24,"x":0.13066912990651494,"y":4.407472573974176}}
{"track":{"f":13,"p":24,"x":0.23207577736768564,"y":4.476021132324099}}
{"track":{"f":14,"p":24,"x":0.23436610303306388,"y":4.520194402772291}}
{"track":{"f":15,"p":24,"x":0.1221929392157173,"y":4.402302760645377}}
{"track":{"f":16,"p":24,"x":0.20223956757048275,"y":4.486848784578921}}
{"track":{"f":17,"p":24,"x":0.14381817571039152,"y":4.441502005731952}}
{"track":{"f":18,"p":24,"x":0.14602938197815762,"y":4.50979015515993}}
{"track":{"f":19,"p":24,"x":-0.051964717480336965,"y":4.76170027844821}}
{"track":{"f":20,"p":24,"x":-0.05225046029735892,"y":4.78788384524799}}
{"track":{"f":21,"p":24,"x":-0.05240926979715621,"y":4.802436089079414}}
{"track":{"f":22,"p":24,"x":0.21327403072578174,"y":4.702616748414577}}
{"track":{"f":23,"p":24,"x":0.155635699637567,"y":4.62043483299027}}
{"track":{"f":24,"p":24,"x":0.1496559332660543,"y":4.574587151770149}}
{"track":{"f":25,"p":24,"x":0.14887683410472732,"y":4.550772145337859}}
{"track":{"f":26,"p":24,"x":-0.02516096825912845,"y":4.644402005436411}}
{"track":{"f":27,"p":24,"x":-0.017549857904377162,"y":4.637513691194676}}
{"track":{"f":28,"p":24,"x":-0.059692062189150755,"y":4.710662787819122}}
{"track":{"f":29,"p":24,"x":-0.05990469515450337,"y":4.727442945190404}}
{"track":{"f":34,"p":24,"x":0.18803606745727655,"y":4.871240241657917}}
{"track":{"f":35,"p":24,"x":-0.04394026732441031,"y":4.768444949029113}}
{"track":{"f":36,"p":24,"x":0.19798533069824942,"y":4.724730432047667}}
{"track":{"f":37,"p":24,"x":0.1947416295533764,"y":4.650475075727022}}
{"track":{"f":38,"p":24,"x":0.25079200207813757,"y":4.587202749549397}}
{"track":{"f":39,"p":24,"x":0.2484586996103031,"y":4.539746576293062}}
{"track":{"f":40,"p":24,"x":0.11095045078788335,"y":4.758240877285241}}
{"track":{"f":41,"p":24,"x":0.19644563711514637,"y":4.47843744612651}}
{"track":{"f":42,"p":24,"x":0.12038380129907034,"y":4.455647568754295}}
{"track":{"f":43,"p":24,"x":0.2061136040316545,"y":4.437848720319392}}
{"track":{"f":44,"p":24,"x":0.1675429529071121,"y":4.628729037942251}}
{"track":{"f":45,"p":24,"x":0.2065375108853457,"y":4.453395302279157}}
{"track":{"f":46,"p":24,"x":0.1741154133656136,"y":4.3827786430615445}}
{"track":{"f":47,"p":24,"x":0.1555236153155201,"y":4.346319996871274}}
{"track":{"f":48,"p":24,"x":0.16353262347219966,"y":4.280466419384826}}
{"track":{"f":49,"p":24,"x":0.16138744055180415,"y":4.217759891671056}}
{"track":{"f":50,"p":24,"x":0.17652232319105912,"y":4.181057312153942}}
{"track":{"f":51,"p":24,"x":0.17601968282805425,"y":4.169151916127341}}
{"track":{"f":52,"p":24,"x":0.021813880838534982,"y":4.353215763141973}}
{"track":{"f":53,"p":24,"x":0.008733269327621572,"y":4.336133394815801}}
{"track":{"f":54,"p":24,"x":0.17950706485264814,"y":4.121316933969879}}
{"track":{"f":55,"p":24,"x":-0.0033096988731659244,"y":4.2352688926578175}}
{"track":{"f":56,"p":24,"x":0.025665212321242734,"y":4.2283133209054}}
{"track":{"f":57,"p":24,"x":0.02579531610064404,"y":4.249747764410372}}
{"track":{"f":58,"p":24,"x":0.1901731198103617,"y":4.0811972402468255}}
{"track":{"f":59,"p":24,"x":0.19211014376435764,"y":4.069200404776937}}
{"track":{"f":60,"p":24,"x":0.03652680446115676,"y":4.160288881861821}}
{"track":{"f":61,"p":24,"x":0.03437154652301488,"y":4.1226634896996455}}
{"track":{"f":62,"p":24,"x":0.03408866544879439,"y":4.088733579800618}}
{"track":{"f":63,"p":24,"x":0.03406189311938891,"y":4.085522397408813}}
{"track":{"f":64,"p":24,"x":0.03391220661726555,"y":4.065783534800919}}
{"track":{"f":65,"p":24,"x":0.03165312424128209,"y":4.025067136975972}}
{"track":{"f":66,"p":24,"x":0.031577570882814696,"y":4.015459638583805}}
{"track":{"f":67,"p":24,"x":0.03104571227964287,"y":4.006750359433914}}
{"track":{"f":68,"p":24,"x":0.17411493832324845,"y":4.109157018231556}}
{"track":{"f":69,"p":24,"x":0.20128105450277484,"y":4.153325600770296}}
{"track":{"f":70,"p":24,"x":0.03209282507778026,"y":4.210049779679149}}
{"track":{"f":71,"p":24,"x":0.13340261423750763,"y":4.527942925829211}}
{"track":{"f":72,"p":24,"x":0.13113555844927918,"y":4.450994664526824}}
{"track":{"f":73,"p":24,"x":0.018352142314021273,"y":4.3134731356504545}}
{"track":{"f":74,"p":24,"x":0.014236921103228058,"y":4.329647523928196}}
{"track":{"f":75,"p":24,"x":0.013216850024145842,"y":4.3531126244475455}}
{"track":{"f":76,"p":24,"x":0.013280447475903338,"y":4.374059133609897}}
{"track":{"f":77,"p":24,"x":0.11705176370236985,"y":4.336388900614055}}
{"track":{"f":78,"p":24,"x":0.10343925618935039,"y":4.27684672638015}}
{"track":{"f":80,"p":24,"x":-0.008597625447509187,"y":4.39446130685813}}
{"track":{"f":81,"p":24,"x":-0.004164259656331352,"y":4.400321125599632}}
{"track":{"f":82,"p":24,"x":0.13134263354001538,"y":4.319622637232184}}
{"track":{"f":83,"p":24,"x":0.13127869372453482,"y":4.317519771872124}}
{"track":{"f":84,"p":24,"x":0.03424402517726045,"y":4.4757471821798385}}
{"track":{"f":85,"p":24,"x":0.2247457456809051,"y":4.397341146799048}}
{"track":{"f":86,"p":24,"x":0.2924157269309272,"y":4.491024739083928}}
{"track":{"f":87,"p":24,"x":0.2804925682346528,"y":4.542963521741421}}
{"track":{"f":88,"p":24,"x":0.2256052597758581,"y":4.5202564345067335}}
{"track":{"f":89,"p":24,"x":0.21217677212384367,"y":4.568191467292875}}
{"track":{"f":90,"p":24,"x":0.21340504826019469,"y":4.594636400493591}}
{"track":{"f":91,"p":24,"x":0.06747129214670237,"y":4.686080553033553}}
{"track":{"f":92,"p":24,"x":0.07277828956708116,"y":4.692128750137833}}
{"track":{"f":93,"p":24,"x":0.07281729662246368,"y":4.697011637419729}}
{"track":{"f":94,"p":24,"x":0.07642660574841255,"y":4.685515953976609}}
{"track":{"f":95,"p":24,"x":0.09104233993440151,"y":4.664974593827257}}
{"track":{"f":96,"p":24,"x":0.049249639557327314,"y":4.657731128917324}}
{"track":{"f":97,"p":24,"x":0.04915663876956868,"y":4.648935680502858}}
{"track":{"f":98,"p":24,"x":0.14102371745223144,"y":4.438492030345675}}
{"track":{"f":99,"p":24,"x":0.14327218858773363,"y":4.5092590005807995}}
{"track":{"f":100,"p":24,"x":0.03254525977513129,"y":4.737018672787209}}
{"track":{"f":101,"p":24,"x":0.00971739456898731,"y":4.78870167673891}}
{"track":{"f":102,"p":24,"x":0.029336011787478647,"y":4.8340059831642765}}
{"track":{"f":103,"p":24,"x":0.027733518755415267,"y":4.842133707101727}}
{"track":{"f":104,"p":24,"x":0.01754883634128197,"y":4.835679347375474}}
{"track":{"f":105,"p":24,"x":0.021807083012879973,"y":4.787264236069752}}
{"track":{"f":106,"p":24,"x":0.02552275075664155,"y":4.751727876619917}}
{"track":{"f":107,"p":24,"x":0.02544111558490053,"y":4.7365293533505035}}
{"track":{"f":108,"p":24,"x":0.08508519115317012,"y":4.727013331615874}}
{"track":{"f":109,"p":24,"x":0.08122434552978267,"y":4.695466711439395}}
{"track":{"f":110,"p":24,"x":0.07678488006921069,"y":4.6815430088143435}}
{"track":{"f":111,"p":24,"x":0.05576238431807071,"y":4.678863403537212}}
{"track":{"f":112,"p":24,"x":0.055551245669030434,"y":4.661147358749175}}
{"track":{"f":113,"p":24,"x":0.0454832515345701,"y":4.702403032176185}}
{"track":{"f":114,"p":24,