{"track":{"f":42,"p":15,"x":0.4114342931726053,"y":1.874590772554521}}
{"track":{"f":43,"p":15,"x":0.39866839732248316,"y":1.8686189125897392}}
{"track":{"f":44,"p":15,"x":0.205939225318407,"y":1.8741368801902192}}
{"track":{"f":45,"p":15,"x":0.20617528392276877,"y":1.876285116572271}}
{"track":{"f":46,"p":15,"x":0.12616078408312467,"y":1.9087785656684637}}
{"track":{"f":47,"p":15,"x":0.18996146047980683,"y":1.8972720307338553}}
{"track":{"f":48,"p":15,"x":0.19000068239313678,"y":1.897663766188851}}
{"track":{"f":49,"p":15,"x":0.18541582253464295,"y":1.9131727327390633}}
{"track":{"f":50,"p":15,"x":0.19336269731741731,"y":1.9219211596594408}}
{"track":{"f":51,"p":15,"x":0.19419172662624068,"y":1.9301612648747204}}
{"track":{"f":52,"p":15,"x":0.15996461813496646,"y":1.9613460380459404}}
{"track":{"f":53,"p":15,"x":0.1676018842185472,"y":1.976173495791546}}
{"track":{"f":54,"p":15,"x":0.1767944221964134,"y":1.9862438281926724}}
{"track":{"f":55,"p":15,"x":0.14758447255406465,"y":1.9998791955376911}}
{"track":{"f":56,"p":15,"x":0.1471661727261114,"y":2.0041323696246183}}
{"track":{"f":57,"p":15,"x":0.18259853161783104,"y":2.0509547777848103}}
{"track":{"f":58,"p":15,"x":0.18375293730859982,"y":2.063921113526981}}
{"track":{"f":59,"p":15,"x":0.1923322923244049,"y":2.064685508597407}}
{"track":{"f":60,"p":15,"x":0.19174127925407,"y":2.0583409883560844}}
{"track":{"f":61,"p":15,"x":0.19240724061493214,"y":2.0496555751734387}}
{"track":{"f":62,"p":15,"x":0.2146991156885509,"y":2.0446750395198654}}
{"track":{"f":63,"p":15,"x":0.21180549522663067,"y":2.0338366245126425}}
{"track":{"f":64,"p":15,"x":0.22074141116593776,"y":2.04959269328247}}
{"track":{"f":65,"p":15,"x":0.22051487187364455,"y":2.0490700107219815}}
{"track":{"f":66,"p":15,"x":0.18794776129318597,"y":2.1045267504803236}}
{"track":{"f":67,"p":15,"x":0.1457635671887309,"y":2.1401377460743536}}
{"track":{"f":68,"p":15,"x":0.18230446285626434,"y":2.16232867170903}}
{"track":{"f":69,"p":15,"x":0.23154564325051613,"y":2.1986940995839603}}
{"track":{"f":70,"p":15,"x":0.23021072304740708,"y":2.186018062441617}}
{"track":{"f":71,"p":15,"x":0.30071985489315217,"y":2.2603815993528165}}
{"track":{"f":72,"p":15,"x":0.28934202801431835,"y":2.259801505078032}}
{"track":{"f":73,"p":15,"x":0.24478675769474076,"y":2.2840204920809914}}
{"track":{"f":74,"p":15,"x":0.256028021460026,"y":2.2982264290368337}}
{"track":{"f":75,"p":15,"x":0.2037527161685967,"y":2.417874228156301}}
{"track":{"f":76,"p":15,"x":0.20592084526427135,"y":2.4451780369713862}}
{"track":{"f":77,"p":15,"x":0.14749895933834462,"y":2.6407581541540055}}
{"track":{"f":78,"p":15,"x":0.15049502897309314,"y":2.694398500864699}}
{"track":{"f":79,"p":15,"x":0.14795028538868144,"y":2.723569448927262}}
{"track":{"f":80,"p":15,"x":0.14556101125768894,"y":2.765525916266733}}
{"track":{"f":81,"p":15,"x":0.14578134059867337,"y":2.771847962317083}}
{"track":{"f":82,"p":15,"x":0.13540432071914155,"y":2.805035908017736}}
{"track":{"f":83,"p":15,"x":0.13470542509000644,"y":2.790557586164574}}
{"track":{"f":84,"p":15,"x":0.14695540651167635,"y":2.8306441938342712}}
{"track":{"f":85,"p":15,"x":0.14789323372315472,"y":2.8487085523631976}}
{"track":{"f":86,"p":15,"x":0.16485255619137434,"y":2.8357287898750805}}
{"track":{"f":87,"p":15,"x":0.18242563167529627,"y":2.8959404212011317}}
{"track":{"f":88,"p":15,"x":0.16536119744021874,"y":2.9212931030213727}}
{"track":{"f":89,"p":15,"x":0.18507439709170845,"y":2.9379886068931573}}
{"track":{"f":90,"p":15,"x":0.1858822043228121,"y":2.950812252296536}}
{"track":{"f":91,"p":15,"x":0.1504796467554803,"y":2.9739984555593226}}
{"track":{"f":92,"p":15,"x":0.14655669470973284,"y":2.9806516875025784}}
{"track":{"f":93,"p":15,"x":0.15094325257874627,"y":2.9831609106295547}}
{"track":{"f":94,"p":15,"x":0.13301154015224137,"y":2.983103396420512}}
{"track":{"f":95,"p":15,"x":0.10576190527899734,"y":2.9908574528836076}}
{"track":{"f":96,"p":15,"x":0.10564866561314551,"y":2.987655130670505}}
{"track":{"f":97,"p":15,"x":0.10557634579148525,"y":2.985609987128191}}
{"track":{"f":98,"p":15,"x":0.13534522163455295,"y":2.9595316433301964}}
{"track":{"f":99,"p":15,"x":0.13411049524756366,"y":2.9345779865706154}}
{"track":{"f":100,"p":15,"x":0.16092307320997284,"y":2.9266179246491677}}
{"track":{"f":101,"p":15,"x":0.18876781386582933,"y":2.931379033468161}}
{"track":{"f":102,"p":15,"x":0.17221514834338583,"y":2.8891653116127665}}
{"track":{"f":103,"p":15,"x":0.24594268387812154,"y":2.871712499722132}}
{"track":{"f":104,"p":15,"x":0.2437373817291726,"y":2.845962623177974}}
{"track":{"f":105,"p":15,"x":0.1796495597030989,"y":3.004236223228099}}
{"track":{"f":106,"p":15,"x":0.17996418706493642,"y":3.011483472374908}}
{"track":{"f":107,"p":15,"x":0.11968614716406023,"y":3.0511158438476893}}
{"track":{"f":108,"p":15,"x":0.1275179080079487,"y":3.0629390891283146}}
{"track":{"f":109,"p":15,"x":0.12421753212808272,"y":3.026985125015909}}
{"track":{"f":110,"p":15,"x":0.16729226368955258,"y":3.0564067408596745}}
{"track":{"f":111,"p":15,"x":0.16793443726667015,"y":3.0681391641446303}}
{"track":{"f":112,"p":15,"x":0.16872387854966917,"y":3.082562148242379}}
{"track":{"f":113,"p":15,"x":0.3715766522277547,"y":5.1894773124689815}}
{"track":{"f":114,"p":15,"x":0.3898514168075899,"y":5.294429280304718}}
{"track":{"f":115,"p":15,"x":0.3705032708408163,"y":5.1722028256052335}}
{"track":{"f":116,"p":15,"x":0.3146771152470931,"y":5.2959885862014175}}
{"track":{"f":117,"p":15,"x":0.3354907529654832,"y":5.831590587232066}}
{"track":{"f":118,"p":15,"x":0.33524932842114596,"y":5.865559576219828}}
{"track":{"f":119,"p":15,"x":0.3248565949587359,"y":5.856525567777012}}
{"track":{"f":120,"p":15,"x":0.3196413589628473,"y":5.842875952237323}}
{"track":{"f":121,"p":15,"x":0.3183406160408472,"y":6.10477326827423}}
{"track":{"f":122,"p":15,"x":0.30878471493994664,"y":6.196113083276618}}
{"track":{"f":123,"p":15,"x":0.36590317693919955,"y":6.286235026500641}}
{"track":{"f":124,"p":15,"x":0.3671884748188194,"y":6.310432106852056}}
{"track":{"f":125,"p":15,"x":0.4756416153828091,"y":5.9936539845005}}
{"track":{"f":126,"p":15,"x":0.48313997203624887,"y":6.032658773017267}}
{"track":{"f":127,"p":15,"x":0.5225338483013071,"y":6.212007901323462}}
{"track":{"f":128,"p":15,"x":0.4569091905457763,"y":6.334128944154469}}
{"track":{"f":129,"p":15,"x":0.45550891017439826,"y":6.314716867063872}}
{"track":{"f":130,"p":15,"x":0.4697162302313634,"y":6.418501269613483}}
{"track":{"f":131,"p":15,"x":0.4694207526854171,"y":6.414463676526986}}
{"track":{"f":132,"p":15,"x":0.47024947355557334,"y":6.42578784549307}}
{"track":{"f":133,"p":15,"x":0.08198863331265735,"y":6.026836586458285}}
{"track":{"f":134,"p":15,"x":0.4222872429166926,"y":6.206488813847419}}
{"track":{"f":135,"p":15,"x":0.4071221189639239,"y":6.1606765167849025}}
{"track":{"f":136,"p":15,"x":0.4772058619435503,"y":6.403322117983607}}
{"track":{"f":137,"p":15,"x":0.47944982645577705,"y":6.433432451361723}}
{"track":{"f":138,"p":15,"x":0.47367796224227104,"y":6.334684529393071}}
{"track":{"f":139,"p":15,"x":0.4722009266625224,"y":6.309278755547005}}
{"track":{"f":140,"p":15,"x":0.4054227398520901,"y":6.570293145844175}}
{"track":{"f":141,"p":15,"x":0.40629604313027756,"y":6.584445925101232}}
{"track":{"f":142,"p":15,"x":0.47686336206886987,"y":6.608289772273641}}
{"track":{"f":143,"p":15,"x":0.4824294200710426,"y":6.685423238782919}}
{"track":{"f":144,"p":15,"x":0.6509678501728811,"y":6.304202282747688}}
{"track":{"f":145,"p":15,"x":0.6506049042789402,"y":6.325548298692286}}
{"track":{"f":146,"p":15,"x":0.6507677393950572,"y":6.426930838218645}}
{"track":{"f":147,"p":15,"x":0.6503432070873041,"y":6.4227381906497065}}
{"track":{"f":148,"p":15,"x":0.45405347704411747,"y":4.826149054388283}}
{"track":{"f":149,"p":15,"x":0.46266753993819204,"y":4.917708206762396}}
{"track":{"f":150,"p":15,"x":0.6797166602266842,