{"track":{"f":101,"p":13,"x":4.270338315708784,"y":-15.48584224377911}}
{"track":{"f":102,"p":13,"x":4.096752835522933,"y":-15.516196396203096}}
{"track":{"f":103,"p":13,"x":2.99950772631073,"y":-16.80309596534265}}
{"track":{"f":104,"p":13,"x":3.1213500682017052,"y":-17.485650821087013}}
{"track":{"f":105,"p":13,"x":3.19255918338388,"y":-17.884560810722185}}
{"track":{"f":106,"p":13,"x":3.620571935090393,"y":-16.184799691910463}}
{"track":{"f":107,"p":13,"x":3.0525733817721816,"y":-14.9055029867329}}
{"track":{"f":108,"p":13,"x":3.0081795422041737,"y":-14.688730963421431}}
{"track":{"f":109,"p":13,"x":2.9779057275012515,"y":-14.540906037026964}}
{"track":{"f":110,"p":13,"x":2.9756005765693603,"y":-14.268432656293578}}
{"track":{"f":111,"p":13,"x":2.967135920324255,"y":-14.22784341237993}}
{"track":{"f":112,"p":13,"x":3.286657220776658,"y":-13.683332162826739}}
{"track":{"f":113,"p":13,"x":3.305086559640234,"y":-13.773476887803504}}
{"track":{"f":114,"p":13,"x":2.9778626125959926,"y":-13.288768854068095}}
{"track":{"f":115,"p":13,"x":2.9506532719687852,"y":-13.134536473237132}}
{"track":{"f":116,"p":13,"x":3.1181788887297244,"y":-12.229900920820723}}
{"track":{"f":117,"p":13,"x":3.18987293401116,"y":-12.51109423964342}}
{"track":{"f":118,"p":13,"x":3.2788875735726157,"y":-12.560564281308398}}
{"track":{"f":119,"p":13,"x":3.3283681519586494,"y":-12.775560813814833}}
{"track":{"f":120,"p":13,"x":3.4314470585185863,"y":-11.694232896940067}}
{"track":{"f":121,"p":13,"x":3.5165980095294374,"y":-11.603912115599808}}
{"track":{"f":122,"p":13,"x":3.533612998660623,"y":-11.76211191401176}}
{"track":{"f":123,"p":13,"x":3.5916452487513837,"y":-11.908088282099708}}
{"track":{"f":124,"p":13,"x":3.362815480367451,"y":-10.573585363542495}}
{"track":{"f":125,"p":13,"x":3.3528288679983014,"y":-10.54218480083119}}
{"track":{"f":126,"p":13,"x":3.3558911768565634,"y":-10.323794864506468}}
{"track":{"f":127,"p":13,"x":3.3801624124395717,"y":-10.394927063451124}}
{"track":{"f":128,"p":13,"x":3.4484702690665014,"y":-9.471773764154332}}
{"track":{"f":129,"p":13,"x":3.789200496219113,"y":-9.496814717773896}}
{"track":{"f":130,"p":13,"x":3.8854467785517186,"y":-9.738035289633137}}
{"track":{"f":131,"p":13,"x":4.016712400546362,"y":-8.874132047718707}}
{"track":{"f":132,"p":13,"x":4.07221699859222,"y":-8.987864013205272}}
{"track":{"f":133,"p":13,"x":4.250658921426683,"y":-8.819757733052075}}
{"track":{"f":134,"p":13,"x":4.3110340398312825,"y":-8.949198260548746}}
{"track":{"f":135,"p":13,"x":4.470960441026742,"y":-7.4126663915813475}}
{"track":{"f":136,"p":13,"x":4.588825938385764,"y":-7.608082482268028}}
{"track":{"f":137,"p":13,"x":4.671932326192712,"y":-7.745869415511574}}
{"track":{"f":138,"p":13,"x":4.35441545312938,"y":-7.495949395187021}}
{"track":{"f":139,"p":13,"x":4.442797354297104,"y":-7.002748437431334}}
{"track":{"f":140,"p":13,"x":4.448173373939294,"y":-7.015726612567545}}
{"track":{"f":141,"p":13,"x":4.469165196974581,"y":-6.8616321770981585}}
{"track":{"f":142,"p":13,"x":4.5403978748553975,"y":-6.978195391556282}}
{"track":{"f":143,"p":13,"x":4.213585419849658,"y":-5.817911967862222}}
{"track":{"f":144,"p":13,"x":4.059573857920931,"y":-5.6052603612012435}}
{"track":{"f":145,"p":13,"x":3.7331474377844587,"y":-4.9592002242254}}
{"track":{"f":146,"p":13,"x":3.5869393384288317,"y":-4.764973971126134}}
{"track":{"f":147,"p":13,"x":3.677977574398428,"y":-3.5217354810821013}}
{"track":{"f":148,"p":13,"x":3.6427668481732427,"y":-3.491694297692751}}
{"track":{"f":149,"p":13,"x":3.6121189736257415,"y":-3.0456480449537318}}
{"track":{"f":150,"p":13,"x":3.5720804318141335,"y":-3.0118885515700122}}
{"track":{"f":151,"p":13,"x":3.867456661060888,"y":-1.2346502944649471}}
{"track":{"f":152,"p":13,"x":3.9635131330887825,"y":-1.2613434942517916}}
{"track":{"f":153,"p":13,"x":3.8472585346884274,"y":-0.7558188992066374}}
{"track":{"f":154,"p":13,"x":3.897631344792612,"y":-0.7657149645580067}}
{"track":{"f":155,"p":13,"x":3.9396862753113804,"y":-0.7731711222240448}}
{"track":{"f":156,"p":13,"x":3.8372962923812546,"y":-0.09248973388171206}}
{"track":{"f":157,"p":13,"x":3.8387855366903496,"y":-0.0967415121846898}}
{"track":{"f":158,"p":13,"x":3.7541928214151747,"y":0.4135112006225071}}
{"track":{"f":159,"p":13,"x":3.786299187928816,"y":2.220521311165022}}
{"track":{"f":160,"p":13,"x":3.7375895148382163,"y":2.188001900013699}}
{"track":{"f":161,"p":13,"x":3.6697767635567686,"y":2.61017966524794}}
{"track":{"f":162,"p":13,"x":3.625903372709327,"y":2.5789741069772845}}
{"track":{"f":163,"p":13,"x":3.8670101740662717,"y":3.7553692631176188}}
{"track":{"f":164,"p":13,"x":4.393795421149592,"y":4.1008757264062865}}
{"track":{"f":165,"p":13,"x":4.369049166465009,"y":4.077509277692553}}
{"track":{"f":166,"p":13,"x":3.914395596857819,"y":5.775493746457696}}
{"track":{"f":167,"p":13,"x":3.9171693727154917,"y":5.770167414981101}}
{"track":{"f":168,"p":13,"x":3.761872059633121,"y":6.1128066266947805}}
{"track":{"f":169,"p":13,"x":3.749480164826489,"y":6.090326210701156}}
{"track":{"f":170,"p":13,"x":3.8567283404928236,"y":8.139788984745346}}
{"track":{"f":171,"p":13,"x":3.8273737192646027,"y":8.086111279839766}}
{"track":{"f":172,"p":13,"x":4.140146250666846,"y":8.767069949306418}}
{"track":{"f":173,"p":13,"x":4.210481015224728,"y":8.907272716634393}}
{"track":{"f":174,"p":13,"x":4.5964794762854515,"y":10.64962026311162}}
{"track":{"f":175,"p":13,"x":4.686407893930757,"y":10.857976137150885}}
{"track":{"f":176,"p":13,"x":4.687044594937706,"y":11.268430398904453}}
{"track":{"f":177,"p":13,"x":4.685445215321292,"y":11.275636385488388}}
{"track":{"f":178,"p":13,"x":4.681898452557527,"y":11.256058221499408}}
{"track":{"f":179,"p":13,"x":4.593526753322352,"y":12.569873801310209}}
{"track":{"f":180,"p":13,"x":4.770706517309008,"y":13.522185454847643}}
{"track":{"f":181,"p":13,"x":4.901571987349719,"y":13.813572329345336}}
{"track":{"f":182,"p":13,"x":4.612874266397038,"y":15.439470821388438}}
{"track":{"f":183,"p":13,"x":4.442714996244923,"y":15.138639081043362}}
{"track":{"f":184,"p":13,"x":4.4556689839721795,"y":14.913298584558202}}
{"track":{"f":185,"p":13,"x":4.132669851528766,"y":15.306628476602606}}
{"track":{"f":186,"p":13,"x":4.277216388508831,"y":16.159767583665445}}
{"track":{"f":187,"p":13,"x":4.2227009267028315,"y":15.925370968095764}}
{"track":{"f":188,"p":13,"x":4.355653182363898,"y":16.67247091680041}}
{"track":{"f":189,"p":13,"x":4.405764054404089,"y":16.868777280135998}}
{"track":{"f":190,"p":13,"x":4.0659352904929875,"y":18.028640115040695}}
{"track":{"f":191,"p":13,"x":3.970121800185662,"y":17.626925797514218}}
{"track":{"f":192,"p":13,"x":4.198183898492404,"y":17.64918830364825}}
{"track":{"f":193,"p":13,"x":4.191310749110727,"y":17.581439535650937}}
{"track":{"f":194,"p":13,"x":4.171377571158147,"y":17.497825128630172}}
{"track":{"f":195,"p":13,"x":4.155641573641025,"y":17.431816782926113}}
{"track":{"f":196,"p":13,"x":7.953018083639485,"y":17.972903373493825}}
{"track":{"f":197,"p":13,"x":8.01513893798682,"y":18.09052203160574}}
